보건기관명,시도명,시군구명,보건기관유형명,소재지도로명주소,소재지지번주소,진료검진내용,홈페이지주소,전화번호,데이터기준일자,제공기관코드,제공기관명
구리시보건소,경기도,구리시,보건소,경기도 구리시 건원대로34번길 84,경기도 구리시 인창동 674-3,내과,https://www.guri.go.kr/health/index.do,031-550-8987,2026-07-28,3980000,경기도 구리시
열미리 보건진료소,경기도,광주시,보건진료소,경기도 광주시 곤지암읍 광여로 214,,내과,,031-760-5655,2026-07-29,5540000,경기도 광주시
유정리 보건진료소,경기도,광주시,보건진료소,경기도 광주시 도척면 도척로 773-7,,내과,,031-760-5656,2026-07-29,5540000,경기도 광주시
선동리 보건진료소,경기도,광주시,보건진료소,경기도 광주시 초월읍 동막골길 7-16,,내과,,031-760-5652,2026-07-29,5540000,경기도 광주시
상림리 보건진료소,경기도,광주시,보건진료소,경기도 광주시 도척면 상림마을길 5,,내과,,031-760-5657,2026-07-29,5540000,경기도 광주시
산성리 보건진료소,경기도,광주시,보건진료소,경기도 광주시 남한산성면 남한산성로 732-20,,내과,,031-760-5661,2026-07-29,5540000,경기도 광주시
분원리 보건진료소,경기도,광주시,보건진료소,경기도 광주시 남종면 산수로 1613-9,,내과,,031-760-5659,2026-07-29,5540000,경기도 광주시
무갑리 보건진료소,경기도,광주시,보건진료소,경기도 광주시 초월읍 무갑길 140번길 14,,내과,,031-760-5653,2026-07-29,5540000,경기도 광주시
만선리 보건진료소,경기도,광주시,보건진료소,경기도 광주시 곤지암읍 만선리 209-2번지,,내과,,031-760-5654,2026-07-29,5540000,경기도 광주시
관음리 보건진료소,경기도,광주시,보건진료소,경기도 광주시 퇴촌면 천진암로 653-8,,내과,,031-760-5658,2026-07-29,5540000,경기도 광주시
검천리 보건진료소,경기도,광주시,보건진료소,경기도 광주시 남종면 산수로 2331,,내과,,031-760-5660,2026-07-29,5540000,경기도 광주시
태전동 보건진료소,경기도,광주시,보건진료소,경기도 광주시 고불로 79,,내과,,031-760-5650,2026-07-29,5540000,경기도 광주시
도척보건지소,경기도,광주시,보건지소,경기도 광주시 도척면 노곡로 20,,내과+한의과,,031-760-2560,2026-07-29,5540000,경기도 광주시
퇴촌남종통합보건지소,경기도,광주시,보건지소,경기도 광주시 퇴촌면 산수로 1347,,한의과,,031-760-2110,2026-07-29,5540000,경기도 광주시
광주시 보건소,경기도,광주시,보건소,경기도 광주시 파발로 194,,내과,,031-760-2110,2026-07-29,5540000,경기도 광주시
관산보건진료소,전남광주통합특별시,구례군,보건진료소,전남광주통합특별시 구례군 산동면 관산구산길 59-14,전남광주통합특별시 구례군 산동면 관산리 639-1,의과,,061-780-8622,2026-08-06,5840000,전남광주통합특별시 구례군
원달보건진료소,전남광주통합특별시,구례군,보건진료소,전남광주통합특별시 구례군 산동면 달전길 32,전남광주통합특별시 구례군 산동면 원달리 135,의과,,061-780-8621,2026-08-06,5840000,전남광주통합특별시 구례군
외산보건진료소,전남광주통합특별시,구례군,보건진료소,전남광주통합특별시 구례군 산동면 내온길 13,전남광주통합특별시 구례군 산동면 외산리 456-1,의과,,061-780-8620,2026-08-06,5840000,전남광주통합특별시 구례군
이평보건진료소,전남광주통합특별시,구례군,보건진료소,전남광주통합특별시 구례군 산동면 이촌길 4,전남광주통합특별시 구례군 산동면 이평리 425-1,의과,,061-780-8619,2026-08-06,5840000,전남광주통합특별시 구례군
도암보건진료소,전남광주통합특별시,구례군,보건진료소,전남광주통합특별시 구례군 용방면 도암1길 28,전남광주통합특별시 구례군 용방면 신도리 696-2,의과,,061-780-8618,2026-08-06,5840000,전남광주통합특별시 구례군
외곡보건진료소,전남광주통합특별시,구례군,보건진료소,전남광주통합특별시 구례군 토지면 피아골로 7,전남광주통합특별시 구례군 토지면 외곡리 777-7,의과,,061-780-8617,2026-08-06,5840000,전남광주통합특별시 구례군
내동보건진료소,전남광주통합특별시,구례군,보건진료소,전남광주통합특별시 구례군 토지면 피아골로 665,전남광주통합특별시 구례군 토지면 내동리 911-1,의과,,061-780-8616,2026-08-06,5840000,전남광주통합특별시 구례군
하천보건진료소,전남광주통합특별시,구례군,보건진료소,전남광주통합특별시 구례군 간전면 하천길 32,전남광주통합특별시 구례군 간전면 운천리 66,의과,,061-780-8615,2026-08-06,5840000,전남광주통합특별시 구례군
효곡보건진료소,전남광주통합특별시,구례군,보건진료소,전남광주통합특별시 구례군 간전면 효죽길 12,전남광주통합특별시 구례군 간전면 효곡리 366-6,의과,,061-780-8614,2026-08-06,5840000,전남광주통합특별시 구례군
토금보건진료소,전남광주통합특별시,구례군,보건진료소,전남광주통합특별시 구례군 문척면 토금길 110,전남광주통합특별시 구례군 문척면 금정리 680-1,의과,,061-780-8613,2026-08-06,5840000,전남광주통합특별시 구례군
죽마보건진료소,전남광주통합특별시,구례군,보건진료소,전남광주통합특별시 구례군 문척면 죽연길 18-17,전남광주통합특별시 구례군 문척면 죽마리 400-3,의과,,061-780-8612,2026-08-06,5840000,전남광주통합특별시 구례군
계산보건진료소,전남광주통합특별시,구례군,보건진료소,전남광주통합특별시 구례군 구례읍 하유길 21-29,전남광주통합특별시 구례군 구례읍 계산리 1067-1,의과,,061-780-8611,2026-08-06,5840000,전남광주통합특별시 구례군
산동보건지소,전남광주통합특별시,구례군,보건지소,전남광주통합특별시 구례군 산동면 원촌1길 13-5,전남광주통합특별시 구례군 산동면 원촌리 128-3,의과+한방과+치과,,061-780-8594,2026-08-06,5840000,전남광주통합특별시 구례군
용방보건지소,전남광주통합특별시,구례군,보건지소,전남광주통합특별시 구례군 용방면 하용길 5,전남광주통합특별시 구례군 용방면 용정리 167,의과+한방과,,061-780-8546,2026-08-06,5840000,전남광주통합특별시 구례군
광의보건지소,전남광주통합특별시,구례군,보건지소,전남광주통합특별시 구례군 광의면 광의철쭉동산로 14,전남광주통합특별시 구례군 광의면 연파리 622-2,의과+한방과,,061-780-8495,2026-08-06,5840000,전남광주통합특별시 구례군
마산보건지소,전남광주통합특별시,구례군,보건지소,전남광주통합특별시 구례군 마산면 화엄사로 159,전남광주통합특별시 구례군 마산면 마산리 544-9,의과+한방과,,061-780-8445,2026-08-06,5840000,전남광주통합특별시 구례군
토지보건지소,전남광주통합특별시,구례군,보건지소,전남광주통합특별시 구례군 토지면 섬진강대로 5039,전남광주통합특별시 구례군 토지면 파도리 851-5,의과+한방과+치과,,061-780-8395,2026-08-06,5840000,전남광주통합특별시 구례군
간전보건지소,전남광주통합특별시,구례군,보건지소,전남광주통합특별시 구례군 간전면 안음길 3,전남광주통합특별시 구례군 간전면 간문리 276,의과+한방과,,061-780-8345,2026-08-06,5840000,전남광주통합특별시 구례군
문척보건지소,전남광주통합특별시,구례군,보건지소,전남광주통합특별시 구례군 문척면 수달생태로 281,전남광주통합특별시 구례군 문척면 월전리 309,의과+한방과,,061-780-8299,2026-08-06,5840000,전남광주통합특별시 구례군
구례군보건의료원,전남광주통합특별시,구례군,보건의료원,전남광주통합특별시 구례군 구례읍 동편제길 30,전남광주통합특별시 구례군 구례읍 백련리 576,의과+소아청소년과+산부인과+치과,https://www.gurye.go.kr/health/main.do,061-780-2033,2026-08-06,5840000,전남광주통합특별시 구례군
신정보건진료소,전북특별자치도,정읍시,보건진료소,전북특별자치도 정읍시 신정마을길 38,전북특별자치도 정읍시 신정동 1454,내과,https://www.jeongeup.go.kr/buseo/index.jeongeup?menuCd=DOM_000001026000000000,063-535-0871,2026-07-31,4691000,전북특별자치도 정읍시
종산보건진료소,전북특별자치도,정읍시,보건진료소,전북특별자치도 정읍시 산외면 종운로 424-7,전북특별자치도 정읍시 산외면 종산리 436-6,내과,https://www.jeongeup.go.kr/buseo/index.jeongeup?menuCd=DOM_000001026000000000,063-538-5477,2026-07-31,4691000,전북특별자치도 정읍시
장금보건진료소,전북특별자치도,정읍시,보건진료소,전북특별자치도 정읍시 산내면 평내길 13,전북특별자치도 정읍시 산내면 장금리 784-1,내과,https://www.jeongeup.go.kr/buseo/index.jeongeup?menuCd=DOM_000001026000000000,063-538-4169,2026-07-31,4691000,전북특별자치도 정읍시
반곡보건진료소,전북특별자치도,정읍시,보건진료소,전북특별자치도 정읍시 칠보면 칠보산로 1171,전북특별자치도 정읍시 칠보면 반곡리 473-6,내과,https://www.jeongeup.go.kr/buseo/index.jeongeup?menuCd=DOM_000001026000000000,063-534-3689,2026-07-31,4691000,전북특별자치도 정읍시
백암보건진료소,전북특별자치도,정읍시,보건진료소,전북특별자치도 정읍시 칠보면 흥삼이1길 3,전북특별자치도 정읍시 칠보면 백암리 810-12,내과,https://www.jeongeup.go.kr/buseo/index.jeongeup?menuCd=DOM_000001026000000000,063-534-3447,2026-07-31,4691000,전북특별자치도 정읍시
산성보건진료소,전북특별자치도,정읍시,보건진료소,전북특별자치도 정읍시 옹동면태산로 2380,전북특별자치도 정읍시 옹동면 산성리 221-6,내과,https://www.jeongeup.go.kr/buseo/index.jeongeup?menuCd=DOM_000001026000000000,063-537-8168,2026-07-31,4691000,전북특별자치도 정읍시
용호보건진료소,전북특별자치도,정읍시,보건진료소,전북특별자치도 정읍시 옹동면 용이길 31,전북특별자치도 정읍시 옹동면 용호리 247-7,내과,https://www.jeongeup.go.kr/buseo/index.jeongeup?menuCd=DOM_000001026000000000,063-538-8368,2026-07-31,4691000,전북특별자치도 정읍시
통석보건진료소,전북특별자치도,정읍시,보건진료소,전북특별자치도 정읍시 감곡면 백산감산로 680,전북특별자치도 정읍시 감곡면 통석리 799-15,내과,https://www.jeongeup.go.kr/buseo/index.jeongeup?menuCd=DOM_000001026000000000,063-571-0705,2026-07-31,4691000,전북특별자치도 정읍시
유정보건진료소,전북특별자치도,정읍시,보건진료소,전북특별자치도 정읍시 감곡면 감곡동서로 9,전북특별자치도 정읍시 감곡면 유정리 1187-12,내과,https://www.jeongeup.go.kr/buseo/index.jeongeup?menuCd=DOM_000001026000000000,063-571-1309,2026-07-31,4691000,전북특별자치도 정읍시
매계보건진료소,전북특별자치도,정읍시,보건진료소,전북특별자치도 정읍시 태인면 북태길 181-3,전북특별자치도 정읍시 태인면 매계리 439-3,내과,https://www.jeongeup.go.kr/buseo/index.jeongeup?menuCd=DOM_000001026000000000,063-536-7802,2026-07-31,4691000,전북특별자치도 정읍시
고천보건진료소,전북특별자치도,정읍시,보건진료소,전북특별자치도 정읍시 태인면 태인동서로 489,전북특별자치도 정읍시 태인면 고천리 92-9,내과,https://www.jeongeup.go.kr/buseo/index.jeongeup?menuCd=DOM_000001026000000000,063-534-4880,2026-07-31,4691000,전북특별자치도 정읍시
회룡보건진료소,전북특별자치도,정읍시,보건진료소,전북특별자치도 정읍시 정우면 수회길 303,전북특별자치도 정읍시 정우면 회룡리 314-8,내과,https://www.jeongeup.go.kr/buseo/index.jeongeup?menuCd=DOM_000001026000000000,063-537-9742,2026-07-31,4691000,전북특별자치도 정읍시
두전보건진료소,전북특별자치도,정읍시,보건진료소,전북특별자치도 정읍시 이평면 황토현로 113,전북특별자치도 정읍시 이평면 두전리 365-1,내과,https://www.jeongeup.go.kr/buseo/index.jeongeup?menuCd=DOM_000001026000000000,063-534-1723,2026-07-31,4691000,전북특별자치도 정읍시
창동보건진료소,전북특별자치도,정읍시,보건진료소,전북특별자치도 정읍시 이평면 창골길 9-12,전북특별자치도 정읍시 이평면 창동리 200-2,내과,https://www.jeongeup.go.kr/buseo/index.jeongeup?menuCd=DOM_000001026000000000,063-534-1871,2026-07-31,4691000,전북특별자치도 정읍시
상학보건진료소,전북특별자치도,정읍시,보건진료소,전북특별자치도 정읍시 덕천면 동학로 618,전북특별자치도 정읍시 덕천면 상학리 73-15,내과,https://www.jeongeup.go.kr/buseo/index.jeongeup?menuCd=DOM_000001026000000000,063-536-0437,2026-07-31,4691000,전북특별자치도 정읍시
풍월보건진료소,전북특별자치도,정읍시,보건진료소,전북특별자치도 정읍시 영원면 부월길 185-7,전북특별자치도 정읍시 영원면 풍월리 445-25,내과,https://www.jeongeup.go.kr/buseo/index.jeongeup?menuCd=DOM_000001026000000000,063-538-7730,2026-07-31,4691000,전북특별자치도 정읍시
백운보건진료소,전북특별자치도,정읍시,보건진료소,전북특별자치도 정읍시 고부면 고부백운길 19,전북특별자치도 정읍시 고부면 백운리 491-13,내과,https://www.jeongeup.go.kr/buseo/index.jeongeup?menuCd=DOM_000001026000000000,063-538-6859,2026-07-31,4691000,전북특별자치도 정읍시
애당보건진료소,전북특별자치도,정읍시,보건진료소,전북특별자치도 정읍시 소성면 애당길 25,전북특별자치도 정읍시 소성면 애당리 711-14,내과,https://www.jeongeup.go.kr/buseo/index.jeongeup?menuCd=DOM_000001026000000000,063-537-6861,2026-07-31,4691000,전북특별자치도 정읍시
고화보건진료소,전북특별자치도,정읍시,보건진료소,전북특별자치도 정읍시 소성면 소성북길 182,전북특별자치도 정읍시 소성면 화룡리 356-1,내과,https://www.jeongeup.go.kr/buseo/index.jeongeup?menuCd=DOM_000001026000000000,063-537-7729,2026-07-31,4691000,전북특별자치도 정읍시
천원보건진료소,전북특별자치도,정읍시,보건진료소,전북특별자치도 정읍시 입암면 입암중앙길 32,전북특별자치도 정읍시 입암면 천원리 185-2,내과,https://www.jeongeup.go.kr/buseo/index.jeongeup?menuCd=DOM_000001026000000000,063-534-0755,2026-07-31,4691000,전북특별자치도 정읍시
장학보건진료소,전북특별자치도,정읍시,보건진료소,전북특별자치도 정읍시 북면 장학1길 52,전북특별자치도 정읍시 북면 장학리 465-1,내과,https://www.jeongeup.go.kr/buseo/index.jeongeup?menuCd=DOM_000001026000000000,063-536-7801,2026-07-31,4691000,전북특별자치도 정읍시
복흥보건진료소,전북특별자치도,정읍시,보건진료소,전북특별자치도 정읍시 북면 용북길 319,전북특별자치도 정읍시 북면 복흥리 775-1,내과,https://www.jeongeup.go.kr/buseo/index.jeongeup?menuCd=DOM_000001026000000000,063-535-0719,2026-07-31,4691000,전북특별자치도 정읍시
태곡보건진료소,전북특별자치도,정읍시,보건진료소,전북특별자치도 정읍시 북면 태곡길 34,전북특별자치도 정읍시 북면 태곡리 126-1,내과,https://www.jeongeup.go.kr/buseo/index.jeongeup?menuCd=DOM_000001026000000000,063-535-5042,2026-07-31,4691000,전북특별자치도 정읍시
양괴보건진료소,전북특별자치도,정읍시,보건진료소,전북특별자치도 정읍시 신태인읍 석지로 502-7,전북특별자치도 정읍시 신태인읍 양괴리 356-12,내과,https://www.jeongeup.go.kr/buseo/index.jeongeup?menuCd=DOM_000001026000000000,063-571-2017,2026-07-31,4691000,전북특별자치도 정읍시
백산보건진료소,전북특별자치도,정읍시,보건진료소,전북특별자치도 정읍시 신태인읍 감곡로 180,전북특별자치도 정읍시 신태인읍 백산리 671-3,내과,https://www.jeongeup.go.kr/buseo/index.jeongeup?menuCd=DOM_000001026000000000,063-571-3742,2026-07-31,4691000,전북특별자치도 정읍시
화호보건진료소,전북특별자치도,정읍시,보건진료소,전북특별자치도 정읍시 신태인읍 벽골제로 8,전북특별자치도 정읍시 신태인읍 화호리 497-16,내과,https://www.jeongeup.go.kr/buseo/index.jeongeup?menuCd=DOM_000001026000000000,063-571-6216,2026-07-31,4691000,전북특별자치도 정읍시
산외보건지소,전북특별자치도,정읍시,보건지소,전북특별자치도 정읍시 산외면 산외로 453-1,전북특별자치도 정읍시 산외면 동곡리 25-4,치과+한의과,https://www.jeongeup.go.kr/buseo/index.jeongeup?menuCd=DOM_000001026000000000,063-539-6609,2026-07-31,4691000,전북특별자치도 정읍시
산내보건지소,전북특별자치도,정읍시,보건지소,전북특별자치도 정읍시 산내면 능교3길 14-3,전북특별자치도 정읍시 산내면 능교리 483-3,내과,https://www.jeongeup.go.kr/buseo/index.jeongeup?menuCd=DOM_000001026000000000,063-539-6607,2026-07-31,4691000,전북특별자치도 정읍시
칠보보건지소,전북특별자치도,정읍시,보건지소,전북특별자치도 정읍시 칠보면 칠보중앙로 148,전북특별자치도 정읍시 칠보면 무성리 30-1,내과,https://www.jeongeup.go.kr/buseo/index.jeongeup?menuCd=DOM_000001026000000000,063-539-6605,2026-07-31,4691000,전북특별자치도 정읍시
옹동보건지소,전북특별자치도,정읍시,보건지소,전북특별자치도 정읍시 옹동면 옹지동촌로 204,전북특별자치도 정읍시 옹동면 매정리 2-4,한의과+내과,https://www.jeongeup.go.kr/buseo/index.jeongeup?menuCd=DOM_000001026000000000,063-539-6603,2026-07-31,4691000,전북특별자치도 정읍시
감곡보건지소,전북특별자치도,정읍시,보건지소,전북특별자치도 정읍시 감곡면 원삼1길 41,전북특별자치도 정읍시 감곡면 방교리 252-1,한의과+내과,https://www.jeongeup.go.kr/buseo/index.jeongeup?menuCd=DOM_000001026000000000,063-539-6601,2026-07-31,4691000,전북특별자치도 정읍시
태인보건지소,전북특별자치도,정읍시,보건지소,전북특별자치도 정읍시 태인면 정읍북로 1185,전북특별자치도 정읍시 태인면 태창리 425-3,내과,https://www.jeongeup.go.kr/buseo/index.jeongeup?menuCd=DOM_000001026000000000,063-539-6599,2026-07-31,4691000,전북특별자치도 정읍시
정우보건지소,전북특별자치도,정읍시,보건지소,전북특별자치도 정읍시 정우면 정신로 614,전북특별자치도 정읍시 정우면 초강리 37-1,한의과+내과,https://www.jeongeup.go.kr/buseo/index.jeongeup?menuCd=DOM_000001026000000000,063-539-6597,2026-07-31,4691000,전북특별자치도 정읍시
이평보건지소,전북특별자치도,정읍시,보건지소,전북특별자치도 정읍시 이평면 말목장터로 488,전북특별자치도 정읍시 이평면 두지리 178-6,내과,https://www.jeongeup.go.kr/buseo/index.jeongeup?menuCd=DOM_000001026000000000,063-539-6595,2026-07-31,4691000,전북특별자치도 정읍시
덕천보건지소,전북특별자치도,정읍시,보건지소,전북특별자치도 정읍시 덕천면 황토현로 833,전북특별자치도 정읍시 덕천면 우덕리 489-4,한의과+내과,https://www.jeongeup.go.kr/buseo/index.jeongeup?menuCd=DOM_000001026000000000,063-539-6593,2026-07-31,4691000,전북특별자치도 정읍시
영원보건지소,전북특별자치도,정읍시,보건지소,전북특별자치도 정읍시 영원면 영원로 1080,전북특별자치도 정읍시 영원면 은선리 182-4,내과,https://www.jeongeup.go.kr/buseo/index.jeongeup?menuCd=DOM_000001026000000000,063-539-6591,2026-07-31,4691000,전북특별자치도 정읍시
고부보건지소,전북특별자치도,정읍시,보건지소,전북특별자치도 정읍시 고부면 영주로 553-3,전북특별자치도 정읍시 고부면 남복리 236-14,내과,https://www.jeongeup.go.kr/buseo/index.jeongeup?menuCd=DOM_000001026000000000,063-539-6589,2026-07-31,4691000,전북특별자치도 정읍시
소성보건지소,전북특별자치도,정읍시,보건지소,전북특별자치도 정읍시 소성면 입고로 526,전북특별자치도 정읍시 소성면 보화리 178-2,내과,https://www.jeongeup.go.kr/buseo/index.jeongeup?menuCd=DOM_000001026000000000,063-539-6587,2026-07-31,4691000,전북특별자치도 정읍시
입암보건지소,전북특별자치도,정읍시,보건지소,전북특별자치도 정읍시 입암면 문화1길 3-15,전북특별자치도 정읍시 입암면 대흥리 1187,치과,https://www.jeongeup.go.kr/buseo/index.jeongeup?menuCd=DOM_000001026000000000,063-539-6585,2026-07-31,4691000,전북특별자치도 정읍시
북면보건지소,전북특별자치도,정읍시,보건지소,전북특별자치도 정읍시 북면 정읍북로 566,전북특별자치도 정읍시 북면 한교리 67-24,내과,https://www.jeongeup.go.kr/buseo/index.jeongeup?menuCd=DOM_000001026000000000,063-539-6583,2026-07-31,4691000,전북특별자치도 정읍시
신태인보건지소,전북특별자치도,정읍시,보건지소,전북특별자치도 정읍시 신태인읍 신태인중앙로 40,전북특별자치도 정읍시 신태인읍 신태인리 66-2,내과,https://www.jeongeup.go.kr/buseo/index.jeongeup?menuCd=DOM_000001026000000000,063-539-6580,2026-07-31,4691000,전북특별자치도 정읍시
정읍시보건소,전북특별자치도,정읍시,보건소,전북특별자치도 정읍시 수성1로 61,전북특별자치도 정읍시 수성동 958-2,내과,https://www.jeongeup.go.kr/buseo/index.jeongeup?menuCd=DOM_000001026000000000,063-539-6137,2026-07-31,4691000,전북특별자치도 정읍시
장산보건진료소,경상북도,성주군,보건진료소,경상북도 성주군 월항면 세종대왕자태실로 63 (장산보건진료소) 장산보건진료소,경상북도 성주군 월항면 장산리 89-12,내과,https://www.sj.go.kr/S0006/main.do,054-933-8928,2026-07-31,5210000,경상북도 성주군
소성보건진료소,경상북도,성주군,보건진료소,경상북도 성주군 초전면 소성길 156 (소성보건진료소) 소성보건진료소,경상북도 성주군 초전면 소성리 156-1,내과,https://www.sj.go.kr/S0006/main.do,054-932-6986,2026-07-31,5210000,경상북도 성주군
용성보건진료소,경상북도,성주군,보건진료소,경상북도 성주군 초전면 용성길 52-8 (용성보건진료소),경상북도 성주군 초전면 용성리 408-2,내과,https://www.sj.go.kr/S0006/main.do,054-932-8015,2026-07-31,5210000,경상북도 성주군
봉학보건진료소,경상북도,성주군,보건진료소,경상북도 성주군 벽진면 봉학1길 9-5 (봉학보건진료소) 봉학보건진료소,경상북도 성주군 벽진면 봉학리 519,내과,https://www.sj.go.kr/S0006/main.do,054-932-7962,2026-07-31,5210000,경상북도 성주군
벽진면보건진료소,경상북도,성주군,보건진료소,경상북도 성주군 벽진면 수촌1길 7 (벽진면보건지소) 벽진보건지소,경상북도 성주군 벽진면 수촌리 810,내과,https://www.sj.go.kr/S0006/main.do,054-932-7185,2026-07-31,5210000,경상북도 성주군
용흥보건진료소,경상북도,성주군,보건진료소,경상북도 성주군 대가면 용흥3길 2 (용흥보건진료소) 용흥보건진료소,경상북도 성주군 대가면 용흥리 471,내과,https://www.sj.go.kr/S0006/main.do,054-932-6614,2026-07-31,5210000,경상북도 성주군
금수강산면무학보건진료소,경상북도,성주군,보건진료소,경상북도 성주군 금수면 무학3길 24 (무학보건진료소) 무학보건진료소,경상북도 성주군 금수강산면 무학리 1480-1,내과,https://www.sj.go.kr/S0006/main.do,054-932-5336,2026-07-31,5210000,경상북도 성주군
금수강산보건진료소,경상북도,성주군,보건진료소,경상북도 성주군 금수면 성주로 1902 (성주군보건소금수지소) 금수보건지소,경상북도 성주군 금수강산면 광산리 106-1,내과,https://www.sj.go.kr/S0006/main.do,054-932-5185,2026-07-31,5210000,경상북도 성주군
남은보건진료소,경상북도,성주군,보건진료소,경상북도 성주군 수륜면 남작로106 (남은보건진료소),경상북도 성주군 수륜면 남은리 137,내과,https://www.sj.go.kr/S0006/main.do,054-932-3710,2026-07-31,5210000,경상북도 성주군
마월보건진료소,경상북도,성주군,보건진료소,경상북도 성주군 용암면 마월1길 20 (마월보건진료소) 마월보건진료소,경상북도 성주군 용암면 마월리 124-3,내과,https://www.sj.go.kr/S0006/main.do,054-931-0290,2026-07-31,5210000,경상북도 성주군
명포보건진료소,경상북도,성주군,보건진료소,경상북도 성주군 선남면 본성로 499 (명포보건진료소) 명포보건진료소,경상북도 성주군 선남면 명포리 621-1,내과,https://www.sj.go.kr/S0006/main.do,054-931-0262,2026-07-31,5210000,경상북도 성주군
문방보건진료소,경상북도,성주군,보건진료소,경상북도 성주군 선남면 문방3길 23-5 (문방보건진료소) 문방보건진료소,경상북도 성주군 선남면 문방리 571,내과,https://www.sj.go.kr/S0006/main.do,054-932-1286,2026-07-31,5210000,경상북도 성주군
도흥보건진료소,경상북도,성주군,보건진료소,경상북도 성주군 선남면 선노로 276-10 (도흥보건진료소) 도흥보건진료소,경상북도 성주군 선남면 도흥리 562-1,내과,https://www.sj.go.kr/S0006/main.do,054-932-0762,2026-07-31,5210000,경상북도 성주군
월항면보건지소,경상북도,성주군,보건지소,경상북도 성주군 월항면 선월로 474 (월항면보건지소) 월항보건지소,경상북도 성주군 월항면 안포리 1366,"내과, 한의과",https://www.sj.go.kr/S0006/main.do,054-932-9185,2026-07-31,5210000,경상북도 성주군
초전면보건지소,경상북도,성주군,보건지소,경상북도 성주군 초전면 대고로 48 (성주군 보건소 초전지소) 초전보건지소,경상북도 성주군 초전면 대장리 710-59,"내과, 한의과",https://www.sj.go.kr/S0006/main.do,054-932-8185,2026-07-31,5210000,경상북도 성주군
대가면보건지소,경상북도,성주군,보건지소,경상북도 성주군 대가면 참별로 2258 (대가면보건지소) 대가보건지소,경상북도 성주군 옥성리 755 보건지소,"내과, 한의과",https://www.sj.go.kr/S0006/main.do,054-932-6185,2026-07-31,5210000,경상북도 성주군
가천면보건지소,경상북도,성주군,보건지소,"경상북도 성주군 가천면 가천로 33 (가천보건지소, 노인전문간호센터) 가천보건지소",경상북도 성주군 가천면 창천리 422-4,"내과, 한의과",https://www.sj.go.kr/S0006/main.do,054-932-4185,2026-07-31,5210000,경상북도 성주군
수륜면보건지소,경상북도,성주군,보건지소,경상북도 성주군 수륜면 신파1길 9-4 (수륜면보건지소) 수륜보건지소,경상북도 성주군 수륜면 신파리 116-4 보건지소,"내과, 한의과",https://www.sj.go.kr/S0006/main.do,054-932-3185,2026-07-31,5210000,경상북도 성주군
용암면보건지소,경상북도,성주군,보건지소,경상북도 성주군 용암면 상성로 14 (용암면보건지소) 용암보건지소,경상북도 성주군 용암면 상언리 612-6 보건지소,"내과, 한의과",https://www.sj.go.kr/S0006/main.do,054-932-2185,2026-07-31,5210000,경상북도 성주군
선남면보건지소,경상북도,성주군,보건지소,경상북도 성주군 선남면 관화길 66 (선남보건지소) 선남보건지소,경상북도 성주군 선남면 관화리 697-3,"내과, 한의과",https://www.sj.go.kr/S0006/main.do,054-932-1185,2026-07-31,5210000,경상북도 성주군
성주군보건소,경상북도,성주군,보건소,"경상북도 성주군 성주읍 성밖숲길 12 (성주군보건소,건강증진센터) 성주군보건소",경상북도 성주군 성주읍 경산리 436-1,"내과, 치과, 한의과",https://www.sj.go.kr/S0006/main.do,054-933-2400,2026-07-31,5210000,경상북도 성주군
순천시보건소,전남광주통합특별시,순천시,보건소,전남광주통합특별시 순천시 중앙로 232,전남광주통합특별시 순천시 석현동 35-6,내과+한의과,https://www.schc.go.kr/health/main.do,061-749-6905,2026-07-31,5790000,전남광주통합특별시 순천시
풍도보건진료소,경기도,안산시,보건진료소,경기도 안산시 단원구 풍도2길 4(풍도동),경기도 안산시 단원구 풍도동 244,일차진료,,032-858-9290,2026-06-16,3930000,경기도 안산시
안산시남동보건진료소,경기도,안산시,보건진료소,경기도 안산시 단원구 비룰길 7(대부남동),경기도 안산시 단원구 대부남동 1071-8,일차진료,,031-481-2558,2026-06-16,3930000,경기도 안산시
원곡보건지소,경기도,안산시,보건지소,"경기도 안산시 단원구 부부로 43, 3층(원곡동)",경기도 안산시 단원구 원곡동 991-1 3층,치과+한의과,,031-481-6830,2026-06-16,3930000,경기도 안산시
대부보건지소,경기도,안산시,보건지소,경기도 안산시 단원구 대부중앙로 77(대부북동),경기도 안산시 단원구 대부북동 303,치과+한의과,,031-481-2560,2026-06-16,3930000,경기도 안산시
수암보건지소,경기도,안산시,보건지소,경기도 안산시 상록구 원당골1길 23-3 (수암동),경기도 안산시 상록구 수암동 467-3,내과+한의과,,031-481-5889,2026-06-16,3930000,경기도 안산시
단원보건소,경기도,안산시,보건소,경기도 안산시 단원구 화랑로 250(초지동),경기도 안산시 단원구 초지동 666-8,일차진료+한의과+치과,,1666-1234,2026-06-16,3930000,경기도 안산시
상록수보건소,경기도,안산시,보건소,경기도 안산시 상록구 차돌배기로1길 5 (사동),경기도 안산시 상록구 사동 1584,일차진료+한의과+치과,,1666-1234,2026-06-16,3930000,경기도 안산시
고봉보건진료소,대구광역시,달성군,보건진료소,대구광역시 달성군 구지면 구지동로 47-2,대구광역시 달성군 구지면 고봉리 119-3,일차진료,,053-668-3148,2026-06-24,3480000,대구광역시 달성군
징리보건진료소,대구광역시,달성군,보건진료소,대구광역시 달성군 구지면 구지서로10길 46,대구광역시 달성군 구지면 징리 61-1,일차진료,,053-668-3150,2026-06-24,3480000,대구광역시 달성군
대암보건진료소,대구광역시,달성군,보건진료소,대구광역시 달성군 구지면 과학남로53길 5-3,대구광역시 달성군 구지면  대암리 231-3,일차진료,,053-668-3149,2026-06-24,3480000,대구광역시 달성군
무등보건진료소,대구광역시,달성군,보건진료소,대구광역시 달성군 하빈면 하빈로 734,대구광역시 달성군 하빈면 무등리 226,일차진료,,053-668-3143,2026-06-24,3480000,대구광역시 달성군
봉촌보건진료소,대구광역시,달성군,보건진료소,대구광역시 달성군 하빈면 하빈남로52길 66,대구광역시 달성군 하빈면 봉촌리 58-1,일차진료,,053-668-3144,2026-06-24,3480000,대구광역시 달성군
반송보건진료소,대구광역시,달성군,보건진료소,대구광역시 달성군 용연사길 11,대구광역시 달성군 옥포읍 반송리 166-2,일차진료,,053-668-3145,2026-06-24,3480000,대구광역시 달성군
한정보건진료소,대구광역시,달성군,보건진료소,대구광역시 달성군 유가읍 달창로26길 17,대구광역시 달성군 유가읍 한정리 596-62,일차진료,,053-668-3147,2026-06-24,3480000,대구광역시 달성군
음리보건진료소,대구광역시,달성군,보건진료소,대구광역시 달성군 유가읍 음동1길 9,대구광역시 달성군 유가읍 음리 388,일차진료,,053-668-3146,2026-06-24,3480000,대구광역시 달성군
옥포읍보건지소,대구광역시,달성군,보건지소,대구광역시 달성군 옥포읍 비슬로458길 6-2,대구광역시 달성군 옥포읍 기세리 266,내과+치과,,053-668-3848,2026-06-24,3480000,대구광역시 달성군
화원읍보건지소,대구광역시,달성군,보건지소,대구광역시 달성군 화원읍 화암로 10,대구광역시 달성군 화원읍 설화리 556-28,내과,,053-668-3363,2026-06-24,3480000,대구광역시 달성군
다사읍보건지소,대구광역시,달성군,보건지소,대구광역시 달성군 다사읍 매곡로 7,대구광역시 달성군 다사읍 매곡리 885-1,내과,,053-668-3413,2026-06-24,3480000,대구광역시 달성군
논공읍보건지소,대구광역시,달성군,보건지소,대구광역시 달성군 논공읍 비슬로 1779,대구광역시 달성군 논공읍 금포리 1998,내과,,053-668-3152,2026-06-24,3480000,대구광역시 달성군
가창면보건지소,대구광역시,달성군,보건지소,대구광역시 달성군 가창면 가창로 1100,대구광역시 달성군 가창면 용계리 82,내과,,053-668-3444,2026-06-24,3480000,대구광역시 달성군
구지면보건지소,대구광역시,달성군,보건지소,대구광역시 달성군 구지면 창리로11길 38,대구광역시 달성군 구지면 창리 439-1,내과,,053-668-3448,2026-06-24,3480000,대구광역시 달성군
하빈면보건지소,대구광역시,달성군,보건지소,대구광역시 달성군 하빈면 하빈로 423,대구광역시 달성군 하빈면 현내리 559-6,내과,,053-668-3445,2026-06-24,3480000,대구광역시 달성군
달성군보건소,대구광역시,달성군,보건소,대구광역시 달성군 현풍읍 현풍중앙로 27,대구광역시 달성군 현풍읍 하리 253-2,내과+치과+한의과,https://dalseong.daegu.kr/,053-668-3333,2026-06-24,3480000,대구광역시 달성군
평택보건소,경기도,평택시,보건소,경기도 평택시 평택5로 56,경기도 평택시 비전동 850,내과,https://www.pyeongtaek.go.kr/health/main.do,031-8024-5559,2026-02-20,3910000,경기도 평택시
파주시운정보건소,경기도,파주시,보건소,경기도 파주시 금바위로 44,경기도 파주시 와동동 1387,내과+치과,http://clinic.paju.go.kr/clinic/index.do,031-820-7300,2025-12-22,4060000,경기도 파주시
파주보건소,경기도,파주시,보건소,경기도 파주시 후곡로 13,경기도 파주시 금촌동 953-4,내과+치과+한의과,http://clinic.paju.go.kr/clinic/index.do,031-940-4800,2025-12-22,4060000,경기도 파주시
문곡보건진료소,경기도,평택시,보건진료소,경기도 평택시 고덕면 문곡길 5,경기도 평택시 고덕면 동청리 6-1,내과,https://www.pyeongtaek.go.kr/health/main.do,031-8024-4390,2026-02-20,3910000,경기도 평택시
금각보건진료소,경기도,평택시,보건진료소,경기도 평택시 서탄면 금각1길 6-5,경기도 평택시 서탄면 금각리 286-24,내과,https://www.pyeongtaek.go.kr/health/main.do,031-8024-4388,2026-02-20,3910000,경기도 평택시
은산보건진료소,경기도,평택시,보건진료소,경기도 평택시 진위면 은산3길 26,경기도 평택시 진위면 은산리 67-13,내과,https://www.pyeongtaek.go.kr/health/main.do,031-8024-4384,2026-02-20,3910000,경기도 평택시
동천보건진료소,경기도,평택시,보건진료소,경기도 평택시 진위면 동천2길 14,경기도 평택시 동천리 209-9,내과,https://www.pyeongtaek.go.kr/health/main.do,031-8024-4386,2026-02-20,3910000,경기도 평택시
고덕보건지소,경기도,평택시,보건지소,경기도 평택시 고덕로 283,경기도 평택시 고덕동 1693-1139,한의과,https://www.pyeongtaek.go.kr/health/main.do,031-8024-6838,2026-02-20,3910000,경기도 평택시
서탄보건지소,경기도,평택시,보건지소,경기도 평택시 서탄면 금암2길 122,경기도 평택시 금암리 247,내과+한의과,https://www.pyeongtaek.go.kr/health/main.do,031-8024-6777,2026-02-20,3910000,경기도 평택시
진위보건지소,경기도,평택시,보건지소,경기도 평택시 진위면 봉남길 61,경기도 평택시 봉남리 229,내과+한의과,https://www.pyeongtaek.go.kr/health/main.do,031-8024-6707,2026-02-20,3910000,경기도 평택시
송탄보건소,경기도,평택시,보건소,경기도 평택시 서정로 295,경기도 평택시 서정동 산12,내과+한의과,https://www.pyeongtaek.go.kr/health/main.do,031-8024-7273,2026-02-20,3910000,경기도 평택시
팽성원정보건진료소,경기도,평택시,보건진료소,경기도 평택시 팽성읍 팽성북로 29,경기도 평택시 원정리 102-25,내과,https://www.pyeongtaek.go.kr/health/main.do,031-8024-4370,2026-02-20,3910000,경기도 평택시
두정보건진료소,경기도,평택시,보건진료소,경기도 평택시 팽성읍 두정길 53,경기도 평택시 두정리 141-8,내과,https://www.pyeongtaek.go.kr/health/main.do,031-8024-4372,2026-02-20,3910000,경기도 평택시
장수보건진료소,경기도,평택시,보건진료소,경기도 평택시 장수안길 35,경기도 평택시 장수리 147-2,내과,https://www.pyeongtaek.go.kr/health/main.do,031-8024-4382,2026-02-20,3910000,경기도 평택시
덕목보건진료소,경기도,평택시,보건진료소,경기도 평택시 현덕면 현덕로 387,경기도 평택시 현덕면 덕목리 503-13,내과,https://www.pyeongtaek.go.kr/health/main.do,031-8024-4380,2026-02-20,3910000,경기도 평택시
신영보건진료소,경기도,평택시,보건진료소,경기도 평택시 포승읍 중간촌길 18-4,경기도 평택시 포승읍 신영리 235-1,내과,https://www.pyeongtaek.go.kr/health/main.do,031-8024-4376,2026-02-20,3910000,경기도 평택시
포승원정보건진료소,경기도,평택시,보건진료소,경기도 평택시 포승읍 포승원정길 23,경기도 평택시 포승읍 원정리 391-22,내과,https://www.pyeongtaek.go.kr/health/main.do,031-8024-4374,2026-02-20,3910000,경기도 평택시
어연보건진료소,경기도,평택시,보건진료소,경기도 평택시 청북읍 청원로 427,경기도 평택시 청북읍 어연리 898,내과,https://www.pyeongtaek.go.kr/health/main.do,031-8024-4378,2026-02-20,3910000,경기도 평택시
현덕보건지소,경기도,평택시,보건지소,경기도 평택시 현덕면 인광길 84,경기도 평택시 현덕면 인광리 402-12,내과+한의과,https://www.pyeongtaek.go.kr/health/main.do,031-8024-8907,2026-02-20,3910000,경기도 평택시
포승보건지소,경기도,평택시,보건지소,경기도 평택시 포승읍 서동대로 1174-16,경기도 평택시 포승읍 방림리 716,내과,https://www.pyeongtaek.go.kr/health/main.do,031-8024-8706,2026-02-20,3910000,경기도 평택시
오성보건지소,경기도,평택시,보건지소,경기도 평택시 오성면 숙성시장길 23,경기도 평택시 오성면 숙성리 129-1,내과+한의과,https://www.pyeongtaek.go.kr/health/main.do,031-8024-8806,2026-02-20,3910000,경기도 평택시
청북보건지소,경기도,평택시,보건지소,경기도 평택시 청북읍 청원로 2,경기도 평택시 청북읍 현곡리 293-4,내과+한의과,https://www.pyeongtaek.go.kr/health/main.do,031-8024-8856,2026-02-20,3910000,경기도 평택시
안중보건지소,경기도,평택시,보건지소,경기도 평택시 안현로서9길 24,경기도 평택시 안중읍 현화리 834-10,내과,https://www.pyeongtaek.go.kr/health/main.do,031-8024-8003,2026-02-20,3910000,경기도 평택시
팽성보건지소,경기도,평택시,보건지소,경기도 평택시 팽성읍 팽성남산4길 6,경기도 평택시 남산리 406-21,내과,https://www.pyeongtaek.go.kr/health/main.do,031-8024-4360,2026-02-20,3910000,경기도 평택시
청기보건지소,경상북도,영양군,보건지소,경상북도 영양군 청기면 청기2길 2,경상북도 영양군 청기면 청기리 758-5,한방내과+내과,https://www.yyg.go.kr/www/health/health_intro/spot_info/place_info,054-680-5650,2025-12-22,5170000,경상북도 영양군
입암보건지소,경상북도,영양군,보건지소,경상북도 영양군 입암면 조기리길 18,경상북도 영양군 입암면 신구리 480-3,치과+한방내과+내과,https://www.yyg.go.kr/www/health/health_intro/spot_info/place_info,054-680-5550,2025-12-22,5170000,경상북도 영양군
영양군보건소,경상북도,영양군,보건소,경상북도 영양군 영양읍 동서대로 82,경상북도 영양군 영양읍 동부리 164-1,치과+한방내과+내과,https://www.yyg.go.kr/www/health/,054-680-5114,2025-12-22,5170000,경상북도 영양군
송학보건진료소,세종특별자치시,없음,보건진료소,세종특별자치시 장군면 황미창말길 5-4,,내과,,,2026-01-15,5690000,세종특별자치시
양곡보건진료소,세종특별자치시,없음,보건진료소,세종특별자치시 전의면 양지편길 17,,내과,,,2026-01-15,5690000,세종특별자치시
쌍류보건진료소,세종특별자치시,없음,보건진료소,세종특별자치시 연서면 도신고복로 427,,내과,,,2026-01-15,5690000,세종특별자치시
와촌보건진료소,세종특별자치시,없음,보건진료소,세종특별자치시 연서면 용연로 635,,내과,,,2026-01-15,5690000,세종특별자치시
송곡보건진료소,세종특별자치시,없음,보건진료소,세종특별자치시 전동면 금이로 184,,내과,,,2026-01-15,5690000,세종특별자치시
황용보건진료소,세종특별자치시,없음,보건진료소,세종특별자치시 금남면 금남구즉로 487,,내과,,,2026-01-15,5690000,세종특별자치시
응암보건진료소,세종특별자치시,없음,보건진료소,세종특별자치시 연동면 송암로 246,,내과,,,2026-01-15,5690000,세종특별자치시
장군면보건지소,세종특별자치시,없음,보건지소,세종특별자치시 장척로 400-1,,내과+한의과,,,2026-01-15,5690000,세종특별자치시
부강면보건지소,세종특별자치시,없음,보건지소,세종특별자치시 부강5길 38,,내과+한의과,,,2026-01-15,5690000,세종특별자치시
소정면보건지소,세종특별자치시,없음,보건지소,세종특별자치시 소정구길 201,,내과+한의과,,,2026-01-15,5690000,세종특별자치시
전동면보건지소,세종특별자치시,없음,보건지소,세종특별자치시 운주산로 386,,내과+한의과,,,2026-01-15,5690000,세종특별자치시
전의면보건지소,세종특별자치시,없음,보건지소,세종특별자치시 만세길 20-12,,내과+한의과,,,2026-01-15,5690000,세종특별자치시
금남면보건지소,세종특별자치시,없음,보건지소,세종특별자치시 용포로 57,,내과+한의과,,,2026-01-15,5690000,세종특별자치시
연기면보건지소,세종특별자치시,없음,보건지소,세종특별자치시 당산로 154,,내과+치과+한의과,,,2026-01-15,5690000,세종특별자치시
연서면보건지소,세종특별자치시,없음,보건지소,세종특별자치시 대첩로 238,,내과+한의과,,,2026-01-15,5690000,세종특별자치시
연동면보건지소,세종특별자치시,없음,보건지소,세종특별자치시 장욱진로 7,,내과+치과+한의과,,,2026-01-15,5690000,세종특별자치시
남부통합보건지소,세종특별자치시,없음,보건지소,세종특별자치시 새롬로 14,,내과,,,2026-01-15,5690000,세종특별자치시
세종특별자치시 보건소,세종특별자치시,없음,보건소,세종특별자치시 조치원읍 대첩로 32,,내과+치과+한의과,,,2026-01-15,5690000,세종특별자치시
화악리보건진료소,경기도,가평군,보건진료소,경기도 가평군 북면 화악지암길 4,경기도 가평군 북면 화악리 472-4,내과,,031-582-3011,2025-12-24,4160000,경기도 가평군
운악리보건진료소,경기도,가평군,보건진료소,경기도 가평군 조종면 현등사길 7-16,경기도 가평군 조종면 운악리 449-1,내과,,031-585-1128,2025-12-24,4160000,경기도 가평군
태봉리보건진료소,경기도,가평군,보건진료소,경기도 가평군 상면 아랫벌길 11,경기도 가평군 상면 태봉리 353-4,내과,,031-585-1568,2025-12-24,4160000,경기도 가평군
임초리보건진료소,경기도,가평군,보건진료소,경기도 가평군 상면 청군로 699,경기도 가평군 상면 임초리 416-2,내과,,031-585-1736,2025-12-24,4160000,경기도 가평군
율길리보건진료소,경기도,가평군,보건진료소,경기도 가평군 상면 청군로 2043-15,경기도 가평군 상면 율길리 611-1,내과,,031-584-3494,2025-12-24,4160000,경기도 가평군
위곡리보건진료소,경기도,가평군,보건진료소,경기도 가평군 설악면 한서로 227,경기도 가평군 설악면 위곡리 719-2,내과,,031-584-7205,2025-12-24,4160000,경기도 가평군
설곡리보건진료소,경기도,가평군,보건진료소,경기도 가평군 설악면 봉미산안길7번길 1-6,경기도 가평군 설악면 설곡리 703-1,내과,,031-584-7771,2025-12-24,4160000,경기도 가평군
상천리보건진료소,경기도,가평군,보건진료소,경기도 가평군 청평면 수리재길 293-19,경기도 가평군 청평면 상천리 992,내과,,031-584-1795,2025-12-24,4160000,경기도 가평군
삼회리보건진료소,경기도,가평군,보건진료소,경기도 가평군 청평면 북한강로2010번길 18,경기도 가평군 청평면 삼회리 226-3,내과,,031-584-2242,2025-12-24,4160000,경기도 가평군
산유리보건진료소,경기도,가평군,보건진료소,경기도 가평군 가평읍 호반로 1799-8,경기도 가평군 가평읍 산유리 197-8,내과,,031-582-0294,2025-12-24,4160000,경기도 가평군
백둔리보건진료소,경기도,가평군,보건진료소,경기도 가평군 북면 백둔로 417-9,경기도 가평군 북면 백둔리 348-1,내과,,031-582-1011,2025-12-24,4160000,경기도 가평군
방일리보건진료소,경기도,가평군,보건진료소,경기도 가평군 설악면 양방가루재길 4-18,경기도 가평군 설악면 방일리 215-12,내과,,031-584-7051,2025-12-24,4160000,경기도 가평군
미사리보건진료소,경기도,가평군,보건진료소,경기도 가평군 설악면 미사리로 629,경기도 가평군 설악면 미사리 308,내과,,031-584-4166,2025-12-24,4160000,경기도 가평군
도대리보건진료소,경기도,가평군,보건진료소,경기도 가평군 가화로 2370-14,경기도 가평군 북면 도대리 311-14,내과,,031-582-0388,2025-12-24,4160000,경기도 가평군
개곡리보건진료소,경기도,가평군,보건진료소,경기도 가평군 가평읍 당목가일길 211-9,경기도 가평군 가평읍 개곡리 718-1,내과,,031-582-1191,2025-12-24,4160000,경기도 가평군
조종면보건지소,경기도,가평군,보건지소,경기도 가평군 조종면 조종내길 75,경기도 가평군 조종면 현리 567-7,내과+한의과,,031-580-4242,2025-12-24,4160000,경기도 가평군
청평면보건지소,경기도,가평군,보건지소,경기도 가평군 청평면 은고개로 21,경기도 가평군 청평면 청평리 333-1,내과+한의과,,031-580-4142,2025-12-24,4160000,경기도 가평군
설악면보건지소,경기도,가평군,보건지소,경기도 가평군 한서로 6,경기도 가평군 설악면 신천리 156-1,내과+한의과,,031-580-4091,2025-12-24,4160000,경기도 가평군
상면보건지소,경기도,가평군,보건지소,경기도 가평군 상면 청군로 1099,경기도 가평군 상면 연하리 171-1,내과+한의과,,031-580-4194,2025-12-24,4160000,경기도 가평군
북면보건지소,경기도,가평군,보건지소,경기도 가평군 북면 화악산로 23,경기도 가평군 북면 목동리 883-13,내과+한의과,,031-580-4293,2025-12-24,4160000,경기도 가평군
가평군보건소,경기도,가평군,보건소,경기도 가평군 가평읍 가화로 155-18,경기도 가평군 가평읍 읍내리 624-1,내과+한의과,https://www.gp.go.kr/health/index.do,031-582-2488,2025-12-24,4160000,경기도 가평군
수하보건진료소,경상북도,영양군,보건진료소,경상북도 영양군 수비면 낙동정맥로 3457,경상북도 영양군 수비면 수하리 388-1,내과,https://www.yyg.go.kr/www/health/health_intro/spot_info/clinic_info,054-682-0445,2025-12-22,5170000,경상북도 영양군
화매보건진료소,경상북도,영양군,보건진료소,경상북도 영양군 석보면 석보로 1189,경상북도 영양군 석보면 화매리 777-3,내과,https://www.yyg.go.kr/www/health/health_intro/spot_info/clinic_info,054-682-8852,2025-12-22,5170000,경상북도 영양군
송하보건진료소,경상북도,영양군,보건진료소,경상북도 영양군 수비면 가천로 629,경상북도 영양군 수비면 송하리 369-11,내과,https://www.yyg.go.kr/www/health/health_intro/spot_info/clinic_info,054-682-0553,2025-12-22,5170000,경상북도 영양군
용화보건진료소,경상북도,영양군,보건진료소,경상북도 영양군 일월면 영양로 3773,경상북도 영양군 일월면 용화리 225-1,내과,https://www.yyg.go.kr/www/health/health_intro/spot_info/clinic_info,054-683-0705,2025-12-22,5170000,경상북도 영양군
당리보건진료소,경상북도,영양군,보건진료소,경상북도 영양군 청기면 재일로 1377,경상북도 영양군 청기면 당리 649-15,내과,https://www.yyg.go.kr/www/health/health_intro/spot_info/clinic_info,054-682-7186,2025-12-22,5170000,경상북도 영양군
상청보건진료소,경상북도,영양군,보건진료소,경상북도 영양군 청기면 청기로 553,경상북도 영양군 청기면 저리 158-11,내과,https://www.yyg.go.kr/www/health/health_intro/spot_info/clinic_info,054-682-6725,2025-12-22,5170000,경상북도 영양군
대천보건진료소,경상북도,영양군,보건진료소,경상북도 영양군 입암면 선바위로 460,경상북도 영양군 입암면 대천리 194-3,내과,https://www.yyg.go.kr/www/health/health_intro/spot_info/clinic_info,054-683-4972,2025-12-22,5170000,경상북도 영양군
무창보건진료소,경상북도,영양군,보건진료소,경상북도 영양군 영양읍 화무로 1988,경상북도 영양군 영양읍 무창리 584,내과,https://www.yyg.go.kr/www/health/health_intro/spot_info/clinic_info,054-683-0205,2025-12-22,5170000,경상북도 영양군
석보보건지소,경상북도,영양군,보건지소,경상북도 영양군 석보면 두들마을길 51,경상북도 영양군 석보면 원리리 304-15,치과+한방내과+내과,https://www.yyg.go.kr/www/health/health_intro/spot_info/place_info,054-680-5951,2025-12-22,5170000,경상북도 영양군
수비보건지소,경상북도,영양군,보건지소,경상북도 영양군 수비면 한티로 479-5,경상북도 영양군 수비면 발리리 335-1,치과+한방내과+내과,https://www.yyg.go.kr/www/health/health_intro/spot_info/place_info,054-680-5850,2025-12-22,5170000,경상북도 영양군
일월보건지소,경상북도,영양군,보건지소,경상북도 영양군 일월면 영양로 2405,경상북도 영양군 일월면 도계리 708-2,한방내과+내과,https://www.yyg.go.kr/www/health/health_intro/spot_info/place_info,054-680-5750,2025-12-22,5170000,경상북도 영양군
반송보건지소,부산광역시,해운대구,보건지소,부산광역시 해운대구 반송로 853,,내과+치과,https://www.haeundae.go.kr/health/index.do,051-544-4000,2025-12-15,3330000,부산광역시 해운대구
해운대구보건소,부산광역시,해운대구,보건소,부산광역시 해운대구 양운로37번길 59,,내과+치과,https://www.haeundae.go.kr/health/index.do,051-749-4000,2025-12-15,3330000,부산광역시 해운대구
운천보건진료소,경상북도,영천시,보건진료소,경상북도 영천시 대창면 금창로 1188,,내과,,054-330-6799,2025-11-06,5100000,경상북도 영천시
명주보건진료소,경상북도,영천시,보건진료소,경상북도 영천시 북안면 운북로 1445,,내과,,054-330-6798,2025-11-06,5100000,경상북도 영천시
삼포보건진료소,경상북도,영천시,보건진료소,경상북도 영천시 고경면 상계로 278,,내과,,054-330-6797,2025-11-06,5100000,경상북도 영천시
파계보건진료소,경상북도,영천시,보건진료소,경상북도 영천시 고경면 용담로 1807,,내과,,054-330-6796,2025-11-06,5100000,경상북도 영천시
사리보건진료소,경상북도,영천시,보건진료소,경상북도 영천시 임고면 운주로 915,,내과,,054-330-6795,2025-11-06,5100000,경상북도 영천시
평천보건진료소,경상북도,영천시,보건진료소,경상북도 영천시 임고면 평천다산길11,,내과,,054-330-6794,2025-11-06,5100000,경상북도 영천시
보현보건진료소,경상북도,영천시,보건진료소,경상북도 영천시 자양면 별빛로 1126,,내과,,054-330-6793,2025-11-06,5100000,경상북도 영천시
안천보건진료소,경상북도,영천시,보건진료소,경상북도 영천시 화남면 능계1길 26-5,,내과,,054-330-6792,2025-11-06,5100000,경상북도 영천시
상송보건진료소,경상북도,영천시,보건진료소,경상북도 영천시 화북면 상송안길 34-13,,내과,,054-330-6791,2025-11-06,5100000,경상북도 영천시
암기보건진료소,경상북도,영천시,보건진료소,경상북도 영천시 화산면 가내실로 194,,내과,,054-330-6790,2025-11-06,5100000,경상북도 영천시
부산보건진료소,경상북도,영천시,보건진료소,경상북도 영천시 신녕면 치산효령로 578-14,,내과,,054-330-6789,2025-11-06,5100000,경상북도 영천시
우천보건진료소,경상북도,영천시,보건진료소,경상북도 영천시 청통면 청통로 236,,내과,,054-330-6788,2025-11-06,5100000,경상북도 영천시
호남보건진료소,경상북도,영천시,보건진료소,경상북도 영천시 금호읍 호남안길 42,,내과,,054-330-6787,2025-11-06,5100000,경상북도 영천시
대창보건지소,경상북도,영천시,보건지소,경상북도 영천시 대창면 금박로 1057-7,,내과+한의과,,054-339-8391,2025-11-06,5100000,경상북도 영천시
북안보건지소,경상북도,영천시,보건지소,경상북도 영천시 북안면 운북로 2051,,내과,,054-339-8380,2025-11-06,5100000,경상북도 영천시
고경보건지소,경상북도,영천시,보건지소,경상북도 영천시 고경면 호국로 1065-20,,내과+한의과,,054-339-8370,2025-11-06,5100000,경상북도 영천시
임고보건지소,경상북도,영천시,보건지소,경상북도 영천시 임고면 포은로 491,,내과+한의과,,054-339-8360,2025-11-06,5100000,경상북도 영천시
자양보건지소,경상북도,영천시,보건지소,경상북도 영천시 자양면 포은로 1625-10,,내과+한의과,,054-339-8345,2025-11-06,5100000,경상북도 영천시
화남보건지소,경상북도,영천시,보건지소,경상북도 영천시 화남면 신화로 1193,,내과+한의과,,054-339-8350,2025-11-06,5100000,경상북도 영천시
화북보건지소,경상북도,영천시,보건지소,경상북도 영천시 화북면 화북길 93,,내과,,054-339-8340,2025-11-06,5100000,경상북도 영천시
화산보건지소,경상북도,영천시,보건지소,경상북도 영천시 화산면 연지길 14,,내과+한의과,,054-339-8330,2025-11-06,5100000,경상북도 영천시
신녕보건지소,경상북도,영천시,보건지소,경상북도 영천시 신녕면 신화로 26,,내과,,054-339-8320,2025-11-06,5100000,경상북도 영천시
청통보건지소,경상북도,영천시,보건지소,경상북도 영천시 청통면 청통초등길 11,,내과,,054-339-8310,2025-11-06,5100000,경상북도 영천시
금호보건지소,경상북도,영천시,보건지소,경상북도 영천시 금호읍 교대8길 13,,내과,,054-339-8300,2025-11-06,5100000,경상북도 영천시
영천시보건소,경상북도,영천시,보건소,경상북도 영천시 옛군청1길 31,,내과+치과+한의과,https://www.yc.go.kr/health/main.do,054-339-7894,2025-11-06,5100000,경상북도 영천시
연제구보건소,부산광역시,연제구,보건소,부산광역시 연제구 연제로 2,부산광역시 연제구 연산동 1555,"간질환, 심혈관질환, 신장질환, 성병검사 등",https://www.yeonje.go.kr/health/main.do,051-665-4811,2025-11-05,3370000,부산광역시 연제구
학선보건진료소,전북특별자치도,진안군,보건진료소,전북특별자치도 진안군 동향면 계향로 380,,내과,,063-430-8973,2025-11-18,4731000,전북특별자치도 진안군
평장보건진료소,전북특별자치도,진안군,보건진료소,전북특별자치도 진안군 백운면 평노길 55-5,,내과,,063-430-8977,2025-11-18,4731000,전북특별자치도 진안군
좌포보건진료소,전북특별자치도,진안군,보건진료소,전북특별자치도 진안군 성수면 원좌길 46,,내과,,063-430-8983,2025-11-18,4731000,전북특별자치도 진안군
좌산보건진료소,전북특별자치도,진안군,보건진료소,전북특별자치도 진안군 성수면 성백로 76,,내과,,063-430-8981,2025-11-18,4731000,전북특별자치도 진안군
월포보건진료소,전북특별자치도,진안군,보건진료소,전북특별자치도 진안군 상전면 금지1길 18-31,,내과,,063-430-8975,2025-11-18,4731000,전북특별자치도 진안군
수항보건진료소,전북특별자치도,진안군,보건진료소,전북특별자치도 진안군 부귀면 황금로 244,,내과,,063-430-8987,2025-11-18,4731000,전북특별자치도 진안군
세동보건진료소,전북특별자치도,진안군,보건진료소,전북특별자치도 진안군 부귀면 모래재로 915,,내과,,063-430-8989,2025-11-18,4731000,전북특별자치도 진안군
반송보건진료소,전북특별자치도,진안군,보건진료소,전북특별자치도 진안군 백운면 두원길 10,,내과,,063-430-8979,2025-11-18,4731000,전북특별자치도 진안군
무릉보건진료소,전북특별자치도,진안군,보건진료소,전북특별자치도 진안군 주천면 어자길 44,,내과,,063-430-8993,2025-11-18,4731000,전북특별자치도 진안군
덕천보건진료소,전북특별자치도,진안군,보건진료소,전북특별자치도 진안군 마령면 덕천로 54,,내과,,063-430-8985,2025-11-18,4731000,전북특별자치도 진안군
대불보건진료소,전북특별자치도,진안군,보건진료소,전북특별자치도 진안군 주천면 벌뜸길 9,,내과,,063-430-8991,2025-11-18,4731000,전북특별자치도 진안군
능금보건진료소,전북특별자치도,진안군,보건진료소,전북특별자치도 진안군 동향면 능금로 203,,내과,,063-430-8971,2025-11-18,4731000,전북특별자치도 진안군
주천보건지소,전북특별자치도,진안군,보건지소,전북특별자치도 진안군 주천면 주천동상로 2253,,내과+치과+한의과,,063-430-8892,2025-11-18,4731000,전북특별자치도 진안군
정천보건지소,전북특별자치도,진안군,보건지소,전북특별자치도 진안군 정천면 봉학로 64,,내과+한의과,,063-430-8882,2025-11-18,4731000,전북특별자치도 진안군
용담보건지소,전북특별자치도,진안군,보건지소,전북특별자치도 진안군 용담면 대송로 17,,내과+한의과,,063-430-8802,2025-11-18,4731000,전북특별자치도 진안군
안천보건지소,전북특별자치도,진안군,보건지소,전북특별자치도 진안군 안천면 진무로 2998,,내과+한의과,,063-430-8812,2025-11-18,4731000,전북특별자치도 진안군
성수보건지소,전북특별자치도,진안군,보건지소,전북특별자치도 진안군 성수면 관진로 783,,내과+한의과,,063-430-8852,2025-11-18,4731000,전북특별자치도 진안군
상전보건지소,전북특별자치도,진안군,보건지소,전북특별자치도 진안군 상전면 주평로 41,,내과+한의과,,063-430-8832,2025-11-18,4731000,전북특별자치도 진안군
부귀보건지소,전북특별자치도,진안군,보건지소,전북특별자치도 진안군 부귀면 부귀로 305-6,,내과+치과+한의과,,063-430-8872,2025-11-18,4731000,전북특별자치도 진안군
백운보건지소,전북특별자치도,진안군,보건지소,전북특별자치도 진안군 백운면 임진로 1342,,내과+치과+한의과,,063-430-8842,2025-11-18,4731000,전북특별자치도 진안군
마령보건지소,전북특별자치도,진안군,보건지소,전북특별자치도 진안군 마령면 솔안2길 8,,내과+치과+한의과,,063-430-8862,2025-11-18,4731000,전북특별자치도 진안군
동향보건지소,전북특별자치도,진안군,보건지소,전북특별자치도 진안군 동향면 진성로 1609,,내과+한의과,,063-430-8822,2025-11-18,4731000,전북특별자치도 진안군
진안군보건소,전북특별자치도,진안군,보건소,전북특별자치도 진안군 진안읍 진무로 1189,,내과+치과+한의과,,063-430-8501,2025-11-18,4731000,전북특별자치도 진안군
영통구보건소,경기도,수원시 영통구,보건소,경기도 수원시 영통구 영통로 396,경기도 수원시 영통구 영통동 961-18,내과+한의과+물리치료,health.suwon.go.kr,031-5191-0718,2025-11-26,3740000,경기도 수원시
팔달구보건소,경기도,수원시 팔달구,보건소,경기도 수원시 팔달구 팔달산로 6,경기도 수원시 팔달구 교동 56-1,내과+한의과+물리치료,health.suwon.go.kr,031-5191-0517,2025-11-26,3740000,경기도 수원시
권선구보건소,경기도,수원시 권선구,보건소,경기도 수원시 권선구 호매실로 22-50,경기도 수원시 권선구 탑동 910,내과+한의과+물리치료,health.suwon.go.kr,031-5191-0317,2025-11-26,3740000,경기도 수원시
장안구보건소,경기도,수원시 장안구,보건소,경기도 수원시 장안구 송원로 101,경기도 수원시 장안구 조원동 888,내과+한의과+물리치료,health.suwon.go.kr,031-5191-0118,2025-11-26,3740000,경기도 수원시
병목보건진료소,경상남도,합천군,보건진료소,경상남도 합천군 대병면 서부로 2417,,내과,,,2025-12-01,5480000,경상남도 합천군
장단보건진료소,경상남도,합천군,보건진료소,경상남도 합천군 대병면 3산로 287,,내과,,,2025-12-01,5480000,경상남도 합천군
대기보건진료소,경상남도,합천군,보건진료소,경상남도 합천군 가회면 황매산로 533,,내과,,,2025-12-01,5480000,경상남도 합천군
동리보건진료소,경상남도,합천군,보건진료소,경상남도 합천군 삼가면 동리길 29,,내과,,,2025-12-01,5480000,경상남도 합천군
평지보건진료소,경상남도,합천군,보건진료소,경상남도 합천군 쌍백면 청정로 261,,내과,,,2025-12-01,5480000,경상남도 합천군
백산보건진료소,경상남도,합천군,보건진료소,경상남도 합천군 대양면 대한로 653-6,,내과,,,2025-12-01,5480000,경상남도 합천군
낙진보건진료소,경상남도,합천군,보건진료소,경상남도 합천군 청덕면 앙진길 417,,내과,,,2025-12-01,5480000,경상남도 합천군
소례보건진료소,경상남도,합천군,보건진료소,경상남도 합천군 청덕면 강북로 362,,내과,,,2025-12-01,5480000,경상남도 합천군
대동보건진료소,경상남도,합천군,보건진료소,경상남도 합천군 덕곡면 오광대로 737,,내과,,,2025-12-01,5480000,경상남도 합천군
이책보건진료소,경상남도,합천군,보건진료소,경상남도 합천군 쌍책면 쌍쌍로 3,,내과,,,2025-12-01,5480000,경상남도 합천군
하남보건진료소,경상남도,합천군,보건진료소,경상남도 합천군 초계면 국사봉로 935,,내과,,,2025-12-01,5480000,경상남도 합천군
와리보건진료소,경상남도,합천군,보건진료소,경상남도 합천군 율곡면 와리길 5-10,,내과,,,2025-12-01,5480000,경상남도 합천군
숭산보건진료소,경상남도,합천군,보건진료소,경상남도 합천군 가야면 매안대전길 27,,내과,,,2025-12-01,5480000,경상남도 합천군
양지보건진료소,경상남도,합천군,보건진료소,경상남도 합천군 봉산면 서북로 3640,,내과,,,2025-12-01,5480000,경상남도 합천군
장인보건진료소,경상남도,합천군,보건진료소,경상남도 합천군 합천읍 인덕로 1679,,내과,,,2025-12-01,5480000,경상남도 합천군
초계면보건지소,경상남도,합천군,보건지소,경상남도 합천군 초계면 초계2길 19,,내과+한의과+치과,,,2025-12-01,5480000,경상남도 합천군
청덕면보건지소,경상남도,합천군,보건지소,경상남도 합천군 청덕면 동부로 1754,,내과,,,2025-12-01,5480000,경상남도 합천군
적중면보건지소,경상남도,합천군,보건지소,경상남도 합천군 적중면 적중로 101-8,,내과,,,2025-12-01,5480000,경상남도 합천군
율곡면보건지소,경상남도,합천군,보건지소,경상남도 합천군 율곡면 영전3길 26,,내과,,,2025-12-01,5480000,경상남도 합천군
용주면보건지소,경상남도,합천군,보건지소,경상남도 합천군 용주면 황계폭포로 1154-1,,내과,,,2025-12-01,5480000,경상남도 합천군
쌍책면보건지소,경상남도,합천군,보건지소,경상남도 합천군 쌍책면 성상우회로 8,,내과,,,2025-12-01,5480000,경상남도 합천군
쌍백면보건지소,경상남도,합천군,보건지소,경상남도 합천군 쌍백면 평구3길 14,,내과+한의과,,,2025-12-01,5480000,경상남도 합천군
삼가면보건지소,경상남도,합천군,보건지소,경상남도 합천군 삼가면 삼가로 299,,내과+한의과,,,2025-12-01,5480000,경상남도 합천군
북부보건지소,경상남도,합천군,보건지소,경상남도 합천군 야로면 향교길 8,,내과+한의과+치과,,,2025-12-01,5480000,경상남도 합천군
봉산면보건지소,경상남도,합천군,보건지소,경상남도 합천군 봉산면 김봉길 19,,내과+한의과,,,2025-12-01,5480000,경상남도 합천군
묘산면보건지소,경상남도,합천군,보건지소,경상남도 합천군 묘산면 묘산로 173-1,,내과+한의과,,,2025-12-01,5480000,경상남도 합천군
덕곡면보건지소,경상남도,합천군,보건지소,경상남도 합천군 덕곡면 율지2길 5,,내과+한의과,,,2025-12-01,5480000,경상남도 합천군
대양면보건지소,경상남도,합천군,보건지소,경상남도 합천군 대양면 대야로 267,,내과,,,2025-12-01,5480000,경상남도 합천군
대병면보건지소,경상남도,합천군,보건지소,경상남도 합천군 대병면 신성동길 23,,내과+한의과,,,2025-12-01,5480000,경상남도 합천군
가회면보건지소,경상남도,합천군,보건지소,경상남도 합천군 가회면 황매산로 58-12,,내과+한의과,,,2025-12-01,5480000,경상남도 합천군
가야면보건지소,경상남도,합천군,보건지소,경상남도 합천군 가야면 황산3길 8-15,,내과,,,2025-12-01,5480000,경상남도 합천군
합천군보건소,경상남도,합천군,보건소,경상남도 합천군 합천읍 동서로 39,,내과+치과,,,2025-12-01,5480000,경상남도 합천군
우포보건진료소,전북특별자치도,군산시,보건진료소,전북특별자치도 군산시 옥구읍 우포길 17,전북특별자치도 군산시 옥구읍 수산리 83-1,내과,https://www.gunsan.go.kr/health,063-454-5195,2025-12-03,4671000,전북특별자치도 군산시
열대자보건진료소,전북특별자치도,군산시,보건진료소,전북특별자치도 군산시 신창안길 42,전북특별자치도 군산시 산북동 2643-4,내과,https://www.gunsan.go.kr/health,063-454-5184,2025-12-03,4671000,전북특별자치도 군산시
비안도보건진료소,전북특별자치도,군산시,보건진료소,전북특별자치도 군산시 옥도면 비안도1길 6,전북특별자치도 군산시 옥도면 비안도리 240,내과,https://www.gunsan.go.kr/health,063-454-5185,2025-12-03,4671000,전북특별자치도 군산시
신시도보건진료소,전북특별자치도,군산시,보건진료소,전북특별자치도 군산시 옥도면 신시도1길 7-1,전북특별자치도 군산시 옥도면 신시도리 105,내과,https://www.gunsan.go.kr/health,063-454-5193,2025-12-03,4671000,전북특별자치도 군산시
연도보건진료소,전북특별자치도,군산시,보건진료소,전북특별자치도 군산시 옥도면 연도2길 5-2,전북특별자치도 군산시 옥도면 연도리 55,내과,https://www.gunsan.go.kr/health,063-454-5196,2025-12-03,4671000,전북특별자치도 군산시
원나포보건진료소,전북특별자치도,군산시,보건진료소,전북특별자치도 군산시 나포면 철새로 985,전북특별자치도 군산시 나포면 나포리 643,내과,https://www.gunsan.go.kr/health,063-454-5189,2025-12-03,4671000,전북특별자치도 군산시
창오보건진료소,전북특별자치도,군산시,보건진료소,전북특별자치도 군산시 성산면 창오2길 6,전북특별자치도 군산시 성산면 창오리 528-1,내과,https://www.gunsan.go.kr/health,063-454-5181,2025-12-03,4671000,전북특별자치도 군산시
성덕보건진료소,전북특별자치도,군산시,보건진료소,전북특별자치도 군산시 성산면 성덕길 50-3,전북특별자치도 군산시 성산면 성덕리 267-1,내과,https://www.gunsan.go.kr/health,063-454-5191,2025-12-03,4671000,전북특별자치도 군산시
대광보건진료소,전북특별자치도,군산시,보건진료소,전북특별자치도 군산시 대야면 대광길 32-2,전북특별자치도 군산시 대야면 광교리 36-22,내과,https://www.gunsan.go.kr/health,063-454-5180,2025-12-03,4671000,전북특별자치도 군산시
대차보건진료소,전북특별자치도,군산시,보건진료소,전북특별자치도 군산시 대야면 대차길 9,전북특별자치도 군산시 대야면 지경리 316-10,내과,https://www.gunsan.go.kr/health,063-454-5183,2025-12-03,4671000,전북특별자치도 군산시
금암보건진료소,전북특별자치도,군산시,보건진료소,전북특별자치도 군산시 서수면 청룡로 347,전북특별자치도 군산시 서수면 화등리 404-12,내과,https://www.gunsan.go.kr/health,063-454-5182,2025-12-03,4671000,전북특별자치도 군산시
상장곤보건진료소,전북특별자치도,군산시,보건진료소,전북특별자치도 군산시 서수면 상장곤길 16-3,전북특별자치도 군산시 서수면 마룡리 438-2,내과,https://www.gunsan.go.kr/health,063-454-5186,2025-12-03,4671000,전북특별자치도 군산시
술산보건진료소,전북특별자치도,군산시,보건진료소,전북특별자치도 군산시 임피면 남산로 43,전북특별자치도 군산시 임피면 술산리 477-4,내과,https://www.gunsan.go.kr/health,063-454-5187,2025-12-03,4671000,전북특별자치도 군산시
신당보건진료소,전북특별자치도,군산시,보건진료소,전북특별자치도 군산시 회현면 신당길 18,전북특별자치도 군산시 회현면 학당리 305-5,내과,https://www.gunsan.go.kr/health,063-454-5188,2025-12-03,4671000,전북특별자치도 군산시
월하산보건진료소,전북특별자치도,군산시,보건진료소,전북특별자치도 군산시 회현면 월하산2길 5,전북특별자치도 군산시 회현면 월연리 73-4,내과,https://www.gunsan.go.kr/health,063-454-5190,2025-12-03,4671000,전북특별자치도 군산시
금성보건진료소,전북특별자치도,군산시,보건진료소,전북특별자치도 군산시 옥도면 배그매2길 31,전북특별자치도 군산시 옥산면 금성리 85-4,내과,https://www.gunsan.go.kr/health,063-454-5192,2025-12-03,4671000,전북특별자치도 군산시
선유도보건지소,전북특별자치도,군산시,보건지소,전북특별자치도 군산시 옥도면 선유북길 74-11,전북특별자치도 군산시 옥도면 선유도리 279-10,내과+치과,https://www.gunsan.go.kr/health,063-454-5150,2025-12-03,4671000,전북특별자치도 군산시
어청도보건지소,전북특별자치도,군산시,보건지소,전북특별자치도 군산시 옥도면 어청도길 98,전북특별자치도 군산시 옥도면 어청도리 294,내과,https://www.gunsan.go.kr/health,063-454-5143,2025-12-03,4671000,전북특별자치도 군산시
개야도보건지소,전북특별자치도,군산시,보건지소,전북특별자치도 군산시 옥도면 개야도6길 22,전북특별자치도 군산시 옥도면 개야도리 237-1,내과,https://www.gunsan.go.kr/health,063-454-5157,2025-12-03,4671000,전북특별자치도 군산시
나포보건지소,전북특별자치도,군산시,보건지소,전북특별자치도 군산시 나포면 나포초교길 13,전북특별자치도 군산시 나포면 옥곤리 452,내과+한의원,https://www.gunsan.go.kr/health,063-454-5133,2025-12-03,4671000,전북특별자치도 군산시
옥산보건지소,전북특별자치도,군산시,보건지소,전북특별자치도 군산시 옥산면 여로2길 30,전북특별자치도 군산시 옥산면 옥산리 8-1,내과,https://www.gunsan.go.kr/health,063-454-5092,2025-12-03,4671000,전북특별자치도 군산시
옥구보건지소,전북특별자치도,군산시,보건지소,전북특별자치도 군산시 옥구읍 옥구로 21,전북특별자치도 군산시 옥구읍 선제리 511-4,내과,https://www.gunsan.go.kr/health,063-454-5085,2025-12-03,4671000,전북특별자치도 군산시
성산보건지소,전북특별자치도,군산시,보건지소,전북특별자치도 군산시 성산면 동군산로 36,전북특별자치도 군산시 성산면 고봉리 263-27,내과,https://www.gunsan.go.kr/health,063-454-5127,2025-12-03,4671000,전북특별자치도 군산시
옥서보건지소,전북특별자치도,군산시,보건지소,전북특별자치도 군산시 옥서면 옥봉들3길 10,전북특별자치도 군산시 옥서면 옥봉리 1315-10,치과,https://www.gunsan.go.kr/health,063-454-5071,2025-12-03,4671000,전북특별자치도 군산시
개정보건지소,전북특별자치도,군산시,보건지소,전북특별자치도 군산시 개정면 신발산길 10,전북특별자치도 군산시 개정면 발산리 461-2,내과,https://www.gunsan.go.kr/health,063-454-5121,2025-12-03,4671000,전북특별자치도 군산시
대야보건지소,전북특별자치도,군산시,보건지소,전북특별자치도 군산시 백마길 16,전북특별자치도 군산시 대야면 지경리 778-9,내과,https://www.gunsan.go.kr/health,063-454-5075,2025-12-03,4671000,전북특별자치도 군산시
서수보건지소,전북특별자치도,군산시,보건지소,전북특별자치도 군산시 항쟁로 237,전북특별자치도 군산시 서수면 서수리 366-1,내과,https://www.gunsan.go.kr/health,063-454-5114,2025-12-03,4671000,전북특별자치도 군산시
임피보건지소,전북특별자치도,군산시,보건지소,전북특별자치도 군산시 남상2길 1,전북특별자치도 군산시 임피면 읍내리 215-4,치과,https://www.gunsan.go.kr/health,063-454-5107,2025-12-03,4671000,전북특별자치도 군산시
회현보건지소,전북특별자치도,군산시,보건지소,전북특별자치도 군산시 회현면 광지산길 8,전북특별자치도 군산시 회현면 대정리 361-1,내과,https://www.gunsan.go.kr/health,063-454-5098,2025-12-03,4671000,전북특별자치도 군산시
군산시 보건소,전북특별자치도,군산시,보건소,전북특별자치도 군산시 수송동로 58,전북특별자치도 군산시 수송동 851-1,내과+치과+한의원,https://www.gunsan.go.kr/health,063-454-5000,2025-12-03,4671000,전북특별자치도 군산시
하남시미사보건센터,경기도,하남시,보건지소,경기도 하남시 미사강변대로 200,경기도 하남시 망월동 980,내과,https://www.hanam.go.kr/health/index.do,031-790-6555,2025-12-10,4040000,경기도 하남시
하남시보건소,경기도,하남시,보건소,경기도 하남시 대청로 10,경기도 하남시 신장동 520,내과,https://www.hanam.go.kr/health/index.do,031-790-6555,2025-12-10,4040000,경기도 하남시