구분,시설명,브랜드,법정동,도로명주소,운영시간,무더위쉼터지정,쉼터명칭,위도,경도,출처,OSM확인
우체국,서울가산디지털우체국,우체국,가산동,서울특별시 금천구 가산디지털2로 108,,N,,37.4780605,126.8804277,OSM(node/368875743),OSM(node/368875743)
우체국,서울시흥3우편취급국,,시흥동,서울특별시 금천구 시흥대로 77,,N,,37.4409788,126.9030791,OSM(node/368876274),OSM(node/368876274)
우체국,서울시흥동우체국,우체국,시흥동,서울특별시 금천구 시흥대로 217,,N,,37.4531437,126.9007404,OSM(way/1033817810),OSM(way/1033817810)
우체국,시흥1동우체국,우체국,시흥동,서울특별시 금천구 독산로 123,,N,,37.4582276,126.9051331,OSM(node/368875619),OSM(node/368875619)
은행,영등포농협,NH농협,가산동,서울특별시 금천구 가산로 151,,N,,37.478594,126.890138,OSM(node/368638989),OSM(node/368638989)
은행,신한은행디지털중앙지점,신한,가산동,서울특별시 금천구 가산디지털1로 186,"월,화,수,목,금 09:00~16:00",Y,신한은행디지털중앙지점,37.48201,126.8815541,서울시 무더위쉼터,OSM(node/3191681800)
은행,우리은행,우리,가산동,서울특별시 금천구 가산디지털1로 212,,N,,37.4842723,126.8804977,OSM(node/3195211693),OSM(node/3195211693)
은행,NH농협은행,NH농협,독산동,서울특별시 금천구 시흥대로 336,,N,,37.4636074,126.8978451,OSM(way/469647424),OSM(way/469647424)
은행,다원새마을금고,새마을금고,독산동,서울특별시 금천구 독산로 192,"월,화,수,목,금 09:00~16:00",Y,다원새마을금고,37.4641864,126.9032961,서울시 무더위쉼터,
은행,새마을금고금천중앙,새마을금고,독산동,서울특별시 금천구 가산로 52,"월,화,수,목,금 09:00~16:00",Y,새마을금고금천중앙,37.4717225,126.8971619,서울시 무더위쉼터,
은행,새마을금고독산동,새마을금고,독산동,서울특별시 금천구 독산로 323,"월,화,수,목,금 09:00~16:00",Y,새마을금고독산동,37.4755563,126.9033176,서울시 무더위쉼터,
은행,국민은행금천지점,KB국민,시흥동,서울특별시 금천구 시흥대로 202,"월,화,수,목,금 09:00~16:00",Y,국민은행금천지점,37.45203,126.901986,서울시 무더위쉼터,OSM(node/4712803846)
은행,관악농협,NH농협,시흥동,서울특별시 금천구 탑골로 2,,N,,37.4507362,126.9102081,OSM(node/368638823),OSM(node/368638823)
은행,농협시흥동지점,NH농협,시흥동,서울특별시 금천구 시흥대로 215,"월,화,수,목,금 09:00~16:00",Y,농협시흥동지점,37.452926,126.900825,서울시 무더위쉼터,
은행,MG새마을금고,새마을금고,시흥동,서울특별시 금천구 금하로 750,09:00-16:00,N,,37.4499228,126.9128334,OSM(node/4639147553),OSM(node/4639147553)
은행,새마을금고금천남부,새마을금고,시흥동,서울특별시 금천구 금하로 724-1,"월,화,수,목,금 09:00~16:00",Y,새마을금고금천남부,37.4504235,126.9101357,서울시 무더위쉼터,
은행,새마을금고금천남부시흥3동지점,새마을금고,시흥동,서울특별시 금천구 시흥대로 78,"월,화,수,목,금 09:00~16:00",Y,새마을금고금천남부시흥3동지점,37.4409324,126.9038057,서울시 무더위쉼터,OSM(way/1412446125)
은행,새마을금고시흥제1지점,새마을금고,시흥동,서울특별시 금천구 독산로 140-1,"월,화,수,목,금 09:00~16:00",Y,새마을금고시흥제1지점,37.4599475,126.9052112,서울시 무더위쉼터,
은행,신한은행,신한,시흥동,서울특별시 금천구 시흥대로 97,Mo-Fr 09:00-18:00,N,,37.4433803,126.903277,OSM(node/7755157780),OSM(node/7755157780)
은행,신한은행시흥점,신한,시흥동,서울특별시 금천구 시흥대로 230,"월,화,수,목,금 09:00~16:00",Y,신한은행시흥점,37.4544287,126.9012201,서울시 무더위쉼터,
은행,금천신협협동조합 시흥지점,신협,시흥동,서울특별시 금천구 시흥대로 179,,N,,37.4498168,126.902054,OSM(node/4912689612),OSM(node/4912689612)
은행,우리은행,우리,시흥동,서울특별시 금천구 시흥대로 214,,N,,37.4539434,126.9012186,OSM(node/4725419205),OSM(node/4725419205)
은행,우리은행금천구청지점,우리,시흥동,서울특별시 금천구 시흥대로73길 70,"월,화,수,목,금 09:00~16:00",Y,우리은행금천구청지점,37.4564983,126.8948525,서울시 무더위쉼터,
은행,하나은행,하나,시흥동,서울특별시 금천구 시흥대로 210,,N,,37.4526213,126.9017952,OSM(node/4712803900),OSM(node/4712803900)
