시설유형,시설명,시구동,시설수,상세주소,위도,경도,좌표출처
경로당,매봉경로당,서울특별시 금천구 가산동,1,시흥대로149가길 6,37.4755881,126.895548,서울시 무더위쉼터(시설명 일치: 매봉경로당)
경로당,상록경로당,서울특별시 금천구 가산동,1,벚꽃로38길 35,37.4828,126.8843,서울시 무더위쉼터(시설명 일치: 상록경로당)
경로당,우정경로당,서울특별시 금천구 가산동,1,두산로3길 49,37.4726854,126.8887064,서울시 무더위쉼터(시설명 일치: 우정경로당)
경로당,가산삼익아파트경로당,서울특별시 금천구 가산동,1,두산로9길 56,37.4726933,126.8927411,ArcGIS 지오코딩(주소 지점 일치)
경로당,"두산아파트A지구경로당, 두산아파트C지역경로당",서울특별시 금천구 가산동,2,가산로 99,37.4745039,126.8937662,ArcGIS 지오코딩(주소 지점 일치)
경로당,우창경로당,서울특별시 금천구 가산동,1,서부샛길 572,37.477768,126.8772013,ArcGIS 지오코딩(주소 지점 일치)
경로당,말미경로당,서울특별시 금천구 독산동,1,"범안로17길 22, 2층",37.4675016,126.8944192,서울시 무더위쉼터(시설명 일치: 말미경로당)
경로당,복지경로당,서울특별시 금천구 독산동,1,벚꽃로10길 94,37.464581,126.895285,서울시 무더위쉼터(시설명 일치: 복지경로당)
경로당,세일경로당,서울특별시 금천구 독산동,1,시흥대로147길 30-15,37.4747791,126.896187,서울시 무더위쉼터(시설명 일치: 세일경로당)
경로당,영보경로당,서울특별시 금천구 독산동,1,시흥대로141길 61-1,37.475583,126.897327,서울시 무더위쉼터(시설명 일치: 영보경로당)
경로당,참새공원경로당,서울특별시 금천구 독산동,1,한내로 55,37.4569538,126.8871926,서울시 무더위쉼터(도로명주소 일치: 참새경로당)
경로당,철쭉경로당,서울특별시 금천구 독산동,1,금하로1마길 15-8,37.4528822,126.889601,서울시 무더위쉼터(시설명 일치: 철쭉경로당)
경로당,각산아파트경로당,서울특별시 금천구 독산동,1,한내로 52,37.4559702,126.8869892,ArcGIS 지오코딩(주소 지점 일치)
경로당,계룡아파트경로당,서울특별시 금천구 독산동,1,범안로15길 7,37.4668756,126.8930081,ArcGIS 지오코딩(주소 지점 일치)
경로당,금천롯데캐슬골드파크1차경로당,서울특별시 금천구 독산동,1,벚꽃로 40,37.459752,126.89446,서울시 무더위쉼터(시설명 일치: 금천롯데캐슬골드파크1차경로당)
경로당,금천롯데캐슬골드파크2차경로당,서울특별시 금천구 독산동,1,벚꽃로 30,37.4582229,126.8937104,ArcGIS 지오코딩(주소 지점 일치)
경로당,금천롯데캐슬골드파크3차경로당,서울특별시 금천구 독산동,1,시흥대로 291,37.459919,126.89725,서울시 무더위쉼터(시설명 일치: 금천롯데캐슬골드파크3차경로당)
경로당,금천현대아파트경로당,서울특별시 금천구 독산동,1,벚꽃로 73,37.462267,126.890337,서울시 무더위쉼터(시설명 일치: 금천현대아파트경로당)
경로당,독산역롯데캐슬아파트경로당,서울특별시 금천구 독산동,1,벚꽃로 100,37.4645668,126.8916804,ArcGIS 지오코딩(주소 지점 일치)
경로당,독산현대아파트경로당,서울특별시 금천구 독산동,1,범안로17길 12,37.4673717,126.8955786,ArcGIS 지오코딩(주소 지점 일치)
경로당,라이프아파트꽃마음경로당,서울특별시 금천구 독산동,1,벚꽃로 60,37.4608663,126.8924667,ArcGIS 지오코딩(주소 지점 일치)
경로당,주공14단지아파트경로당,서울특별시 금천구 독산동,1,한내로 69-54,37.4600192,126.8863525,ArcGIS 지오코딩(주소 지점 일치)
경로당,중앙하이츠아파트경로당,서울특별시 금천구 독산동,1,범안로 1136,37.4653308,126.8885366,ArcGIS 지오코딩(주소 지점 일치)
경로당,진도3차아파트경로당,서울특별시 금천구 독산동,1,범안로17길 41,37.468504,126.893454,서울시 무더위쉼터(시설명 일치: 진도3차아파트경로당)
경로당,한신아파트경로당,서울특별시 금천구 독산동,1,한내로 62,37.4543244,126.8896904,ArcGIS 지오코딩(주소 지점 일치)
경로당,해가든아파트경로당,서울특별시 금천구 독산동,1,벚꽃로6길 3,37.4607551,126.8929982,ArcGIS 지오코딩(주소 지점 일치)
경로당,e편한세상 독산 더타워아파트경로당,서울특별시 금천구 독산동,1,범안로 1212,37.4654541,126.8963705,ArcGIS 지오코딩(주소 지점 일치)
경로당,만수경로당,서울특별시 금천구 독산동,1,시흥대로90길 60-3,37.4628214,126.900969,서울시 무더위쉼터(시설명 일치: 만수경로당)
경로당,정훈경로당,서울특별시 금천구 독산동,1,독산로64길 79,37.466802,126.906432,서울시 무더위쉼터(시설명 일치: 정훈경로당)
경로당,구룡경로당,서울특별시 금천구 독산동,1,남부순환로122길 5,37.4791717,126.9022011,서울시 무더위쉼터(시설명 일치: 구룡경로당)
경로당,동산경로당,서울특별시 금천구 독산동,1,독산로54길 247,37.4729248,126.9059886,서울시 무더위쉼터(시설명 일치: 동산경로당)
경로당,목화경로당,서울특별시 금천구 독산동,1,문성로7가길 14,37.4775444,126.906504,서울시 무더위쉼터(시설명 일치: 목화경로당)
경로당,문성경로당,서울특별시 금천구 독산동,1,독산로93길 18,37.474045,126.9022738,서울시 무더위쉼터(시설명 일치: 문성경로당)
경로당,독산동한양수자인아파트,서울특별시 금천구 독산동,1,시흥대로150길 6,37.475681,126.8992357,ArcGIS 지오코딩(주소 지점 일치)
경로당,독산삼익아파트경로당,서울특별시 금천구 독산동,1,남부순환로120길 22,37.4779403,126.9002529,ArcGIS 지오코딩(주소 지점 일치)
경로당,독산신도아파트경로당,서울특별시 금천구 독산동,1,시흥대로152길 25,37.477316,126.8998016,ArcGIS 지오코딩(주소 지점 일치)
경로당,감로천경로당,서울특별시 금천구 독산동,1,독산로72길 86-5,37.4695,126.9064,서울시 무더위쉼터(시설명 일치: 감로천경로당)
경로당,정심경로당,서울특별시 금천구 독산동,1,독산로75길 12-7,37.469376,126.901665,서울시 무더위쉼터(시설명 일치: 정심경로당)
경로당,대덕트윈빌아파트경로당,서울특별시 금천구 독산동,1,시흥대로112길 6,37.467339,126.899029,서울시 무더위쉼터(시설명 일치: 대덕트윈빌아파트경로당)
경로당,동아아파트경로당,서울특별시 금천구 독산동,1,독산로78다길 52,37.4696581,126.9061637,ArcGIS 지오코딩(주소 지점 일치)
경로당,대명경로당,서울특별시 금천구 시흥동,1,독산로11길 4,37.452227,126.9055948,서울시 무더위쉼터(시설명 일치: 대명경로당)
경로당,새재미경로당,서울특별시 금천구 시흥동,1,독산로39길 16,37.4588453,126.9042611,서울시 무더위쉼터(시설명 일치: 새재미경로당)
경로당,효정경로당,서울특별시 금천구 시흥동,1,시흥대로 266(203호),37.4575222,126.8999241,OSM Nominatim(도로명+번호 일치)
경로당,금주경로당,서울특별시 금천구 시흥동,1,시흥대로72길 13,37.457173,126.900291,ArcGIS 지오코딩(주소 지점 일치)
경로당,남서울힐스테이트경로당,서울특별시 금천구 시흥동,1,시흥대로 165,37.447625,126.900616,서울시 무더위쉼터(시설명 일치: 남서울힐스테이트경로당)
경로당,럭키아파트경로당,서울특별시 금천구 시흥동,1,시흥대로47길 43,37.4491747,126.8998686,ArcGIS 지오코딩(주소 지점 일치)
경로당,목련아파트경로당,서울특별시 금천구 시흥동,1,금하로3길 26,37.454535,126.897596,서울시 무더위쉼터(시설명 일치: 목련아파트경로당)
경로당,무지개아파트경로당,서울특별시 금천구 시흥동,1,시흥대로73길 11,37.4568144,126.8991259,ArcGIS 지오코딩(주소 지점 일치)
경로당,성지아파트경로당,서울특별시 금천구 시흥동,1,시흥대로51길 55,37.4512276,126.8982027,ArcGIS 지오코딩(주소 지점 일치)
경로당,시흥베르빌아파트경로당,서울특별시 금천구 시흥동,1,시흥대로77길 23,37.4581271,126.8984574,서울시 무더위쉼터(도로명주소 일치: 금천구시각장애인쉼터)
경로당,산장경로당,서울특별시 금천구 시흥동,1,탑골로2길 59-9,37.4508156,126.9138957,서울시 무더위쉼터(시설명 일치: 산장경로당)
경로당,관악우방아파트경로당,서울특별시 금천구 시흥동,1,금하로 750,37.449513,126.9136563,ArcGIS 지오코딩(주소 지점 일치)
경로당,"벽산아파트금하경로당, 벽산아파트제1경로당, 산복경로당",서울특별시 금천구 시흥동,3,금하로 793,37.4522012,126.9184372,ArcGIS 지오코딩(주소 지점 일치)
경로당,벽산아파트3단지경로당,서울특별시 금천구 시흥동,1,탑골로 84,37.4527901,126.9171617,ArcGIS 지오코딩(주소 지점 일치)
경로당,"벽산아파트5단지경로당, 벽산타운경로당",서울특별시 금천구 시흥동,2,금하로 816,37.448158,126.916987,서울시 무더위쉼터(시설명 일치: 벽산아파트5단지경로당)
경로당,벽산아파트6단지경로당,서울특별시 금천구 시흥동,1,금하로 796,37.449813,126.9156172,ArcGIS 지오코딩(주소 지점 일치)
경로당,탑스빌아파트경로당,서울특별시 금천구 시흥동,1,금하로30길 34,37.4490908,126.9159812,ArcGIS 지오코딩(주소 지점 일치)
경로당,금산경로당,서울특별시 금천구 시흥동,1,"시흥대로24길 50, 2층",37.4412742,126.9071673,서울시 무더위쉼터(시설명 일치: 금산경로당)
경로당,박산경로당,서울특별시 금천구 시흥동,1,시흥대로2길 60,37.4350423,126.9065287,서울시 무더위쉼터(시설명 일치: 박산경로당)
경로당,중앙하이츠빌라경로당,서울특별시 금천구 시흥동,1,시흥대로36길 45,37.4445032,126.906623,ArcGIS 지오코딩(주소 지점 일치)
경로당,현대빌라경로당,서울특별시 금천구 시흥동,1,시흥대로 53,37.440065,126.902123,서울시 무더위쉼터(시설명 일치: 현대빌라경로당)
경로당,신흥경로당,서울특별시 금천구 시흥동,1,금하로23길 155,37.4570322,126.9073526,서울시 무더위쉼터(시설명 일치: 신흥경로당)
경로당,장수경로당,서울특별시 금천구 시흥동,1,독산로50길 57-1,37.4628413,126.9075398,서울시 무더위쉼터(시설명 일치: 장수경로당)
경로당,한울경로당,서울특별시 금천구 시흥동,1,"독산로50마길 39-8, 101호",37.4611121,126.913054,서울시 무더위쉼터(시설명 일치: 한울경로당)
경로당,시흥경남아파트경로당,서울특별시 금천구 시흥동,1,독산로 78-1,37.4545705,126.9069992,ArcGIS 지오코딩(주소 지점 일치)
경로당,시흥금강아파트경로당,서울특별시 금천구 시흥동,1,독산로50길 57-2,37.4632371,126.9080723,ArcGIS 지오코딩(주소 지점 일치)
경로당,시흥삼익아파트경로당,서울특별시 금천구 시흥동,1,독산로50길 89,37.4626425,126.9087637,ArcGIS 지오코딩(주소 지점 일치)
경로당,읍내경로당,서울특별시 금천구 시흥동,1,은행나무로10길 12-1,37.4504237,126.9063177,서울시 무더위쉼터(시설명 일치: 읍내경로당)
경로당,탑동경로당,서울특별시 금천구 시흥동,1,금하로23가길 14-1,37.4515244,126.9095322,서울시 무더위쉼터(시설명 일치: 탑동경로당)
경로당,건영아파트경로당,서울특별시 금천구 시흥동,1,독산로10길 96,37.4499132,126.9112332,ArcGIS 지오코딩(주소 지점 일치)
경로당,관악산신도브래뉴아파트경로당,서울특별시 금천구 시흥동,1,금하로24나길 48,37.4482695,126.9110901,ArcGIS 지오코딩(주소 지점 일치)
경로당,백운한비치1차아파트경로당,서울특별시 금천구 시흥동,1,탑골로2길 19,37.45148,126.911863,서울시 무더위쉼터(시설명 일치: 백운한비치1차아파트경로당)
경로당,백운한비치2차아파트경로당,서울특별시 금천구 시흥동,1,금하로23길 52,37.453498,126.909866,서울시 무더위쉼터(시설명 일치: 백운한비치2차아파트경로당)
경로당,청광아파트경로당,서울특별시 금천구 독산동,1,1139,37.4712461,126.8941325,ArcGIS 지오코딩(주소 지점 일치)
도서관,금천구립가산도서관,서울특별시 금천구 가산동,1,가산로5길 43,37.4734915,126.8921299,서울시 공공도서관 현황
도서관,금천구립금나래도서관,서울특별시 금천구 시흥동,1,시흥대로73길 70,37.4569051,126.8953686,서울시 공공도서관 현황
도서관,금천구립독산도서관,서울특별시 금천구 독산동,1,독산로54길 114,37.4675797,126.908105,서울시 공공도서관 현황
도서관,금천구립시흥도서관,서울특별시 금천구 시흥동,1,금하로 764 금천종합복지타운(시흥2동주민센터),37.4496304,126.9146113,서울시 공공도서관 현황
보건소,금천구보건소,서울특별시 금천구 시흥동,1,1020 금천구 종합청사,37.4564983,126.8948525,서울시 무더위쉼터(지번주소 일치: 우리은행금천구청지점)
보건소,금천구보건소 한내이음센터 분소,서울특별시 금천구 독산동,1,1088-1 금천한내이음센터 2층,37.457844,126.886866,서울시 무더위쉼터(지번주소 일치: 독산1동주민센터분소)
보건소,금천구보건소 동네방네 마을이음센터 분소,서울특별시 금천구 시흥동,1,961-5 동네방네 마을이음센터 2층,37.438613,126.90431,서울시 무더위쉼터(지번주소 일치: 동네방네마을이음센터(로비))
체육관,독산배드민턴체육관,서울특별시 금천구 독산동,1,독산로54길 102-82,37.4673654,126.9099691,ArcGIS 지오코딩(주소 지점 일치)
체육관,금천탁구회관,서울특별시 금천구 시흥동,1,시흥대로51길 93 (시흥빗물펌프장 3층),37.4505249,126.8966062,OSM Nominatim(도로명+번호 일치)
체육관,독산테니스장,서울특별시 금천구 독산동,1,독산로54길 288,37.4744363,126.9069462,서울시 생활체육포털(ft_idx=674)
