시설유형,시설명,시구동,시설수,상세주소,위도,경도,좌표출처,일치기준,기존쉼터명칭,기존쉼터_도로명주소,기존쉼터_지번주소
경로당,매봉경로당,서울특별시 금천구 가산동,1,시흥대로149가길 6,37.4755881,126.895548,서울시 무더위쉼터(시설명 일치: 매봉경로당),시설명,매봉경로당,"서울특별시 금천구 가산동 시흥대로149가길  6 , 조마공원 (가산동)",서울특별시 금천구 가산동 148-11
경로당,상록경로당,서울특별시 금천구 가산동,1,벚꽃로38길 35,37.4828,126.8843,서울시 무더위쉼터(시설명 일치: 상록경로당),시설명,상록경로당,서울특별시 금천구 벚꽃로38길 35 (가산동),서울특별시 금천구 가산동 602-71
경로당,우정경로당,서울특별시 금천구 가산동,1,두산로3길 49,37.4726854,126.8887064,서울시 무더위쉼터(시설명 일치: 우정경로당),시설명,우정경로당,서울특별시 금천구 두산로3길 49,서울특별시 금천구 가산동 238-3
경로당,말미경로당,서울특별시 금천구 독산동,1,"범안로17길 22, 2층",37.4675016,126.8944192,서울시 무더위쉼터(시설명 일치: 말미경로당),시설명,말미경로당,서울특별시 금천구 범안로17길 22,서울특별시 금천구 독산동 293-14
경로당,복지경로당,서울특별시 금천구 독산동,1,벚꽃로10길 94,37.464581,126.895285,서울시 무더위쉼터(시설명 일치: 복지경로당),시설명,복지경로당,서울특별시 금천구 벚꽃로10길 94,서울특별시 금천구 독산동 1010
경로당,세일경로당,서울특별시 금천구 독산동,1,시흥대로147길 30-15,37.4747791,126.896187,서울시 무더위쉼터(시설명 일치: 세일경로당),시설명,세일경로당,서울특별시 금천구 시흥대로147길 30-15,서울특별시 금천구 독산동 147-56
경로당,영보경로당,서울특별시 금천구 독산동,1,시흥대로141길 61-1,37.475583,126.897327,서울시 무더위쉼터(시설명 일치: 영보경로당),시설명,영보경로당,서울특별시 금천구 시흥대로141길 61-1,서울특별시 금천구 독산동 144-60
경로당,참새공원경로당,서울특별시 금천구 독산동,1,한내로 55,37.4569538,126.8871926,서울시 무더위쉼터(도로명주소 일치: 참새경로당),도로명주소,참새경로당,서울특별시 금천구 한내로 55,서울특별시 금천구 독산동 1088-2
경로당,철쭉경로당,서울특별시 금천구 독산동,1,금하로1마길 15-8,37.4528822,126.889601,서울시 무더위쉼터(시설명 일치: 철쭉경로당),시설명,철쭉경로당,서울특별시 금천구 금하로1마길 15-8,서울특별시 금천구 독산동 1112
경로당,금천롯데캐슬골드파크1차경로당,서울특별시 금천구 독산동,1,벚꽃로 40,37.459752,126.89446,서울시 무더위쉼터(시설명 일치: 금천롯데캐슬골드파크1차경로당),시설명,금천롯데캐슬골드파크1차경로당,서울특별시 금천구 벚꽃로 40 (금천롯데캐슬 골드파크 1차 102동),서울특별시 금천구 독산동 1147
경로당,금천롯데캐슬골드파크3차경로당,서울특별시 금천구 독산동,1,시흥대로 291,37.459919,126.89725,서울시 무더위쉼터(시설명 일치: 금천롯데캐슬골드파크3차경로당),시설명,금천롯데캐슬골드파크3차경로당,서울특별시 금천구 시흥대로 291 (금천롯데캐슬골드파크3차),서울특별시 금천구 독산동 1155
경로당,금천현대아파트경로당,서울특별시 금천구 독산동,1,벚꽃로 73,37.462267,126.890337,서울시 무더위쉼터(시설명 일치: 금천현대아파트경로당),시설명,금천현대아파트경로당,서울특별시 금천구 벚꽃로 73 (금천현대아파트부설어린이집),서울특별시 금천구 독산동 711-2
경로당,진도3차아파트경로당,서울특별시 금천구 독산동,1,범안로17길 41,37.468504,126.893454,서울시 무더위쉼터(시설명 일치: 진도3차아파트경로당),시설명,진도3차아파트경로당,서울특별시 금천구 범안로17길 41 (진도3차아파트 진도3차아파트),서울특별시 금천구 독산동 1136
경로당,만수경로당,서울특별시 금천구 독산동,1,시흥대로90길 60-3,37.4628214,126.900969,서울시 무더위쉼터(시설명 일치: 만수경로당),시설명,만수경로당,서울특별시 금천구 시흥대로90길 60-3,서울특별시 금천구 독산동 1063-14
경로당,정훈경로당,서울특별시 금천구 독산동,1,독산로64길 79,37.466802,126.906432,서울시 무더위쉼터(시설명 일치: 정훈경로당),시설명,정훈경로당,서울특별시 금천구 독산로64길 79,서울특별시 금천구 독산동 378-21
경로당,구룡경로당,서울특별시 금천구 독산동,1,남부순환로122길 5,37.4791717,126.9022011,서울시 무더위쉼터(시설명 일치: 구룡경로당),시설명,구룡경로당,서울특별시 금천구 독산동 남부순환로122길  5   (독산동),서울특별시 금천구 독산동 952-25
경로당,동산경로당,서울특별시 금천구 독산동,1,독산로54길 247,37.4729248,126.9059886,서울시 무더위쉼터(시설명 일치: 동산경로당),시설명,동산경로당,서울특별시 금천구 독산로54길 247,서울특별시 금천구 독산동 993-29
경로당,목화경로당,서울특별시 금천구 독산동,1,문성로7가길 14,37.4775444,126.906504,서울시 무더위쉼터(시설명 일치: 목화경로당),시설명,목화경로당,서울특별시 금천구 문성로7가길 14 (독산동),서울특별시 금천구 독산동 883-4
경로당,문성경로당,서울특별시 금천구 독산동,1,독산로93길 18,37.474045,126.9022738,서울시 무더위쉼터(시설명 일치: 문성경로당),시설명,문성경로당,서울특별시 금천구 독산동 독산로93길  18   (독산동),서울특별시 금천구 독산동 980-44
경로당,감로천경로당,서울특별시 금천구 독산동,1,독산로72길 86-5,37.4695,126.9064,서울시 무더위쉼터(시설명 일치: 감로천경로당),시설명,감로천경로당,서울특별시 금천구 독산로72길 86-5 (독산동),서울특별시 금천구 독산동 917
경로당,정심경로당,서울특별시 금천구 독산동,1,독산로75길 12-7,37.469376,126.901665,서울시 무더위쉼터(시설명 일치: 정심경로당),시설명,정심경로당,서울특별시 금천구 독산로75길 12-7 (정심경로당 소망공원),서울특별시 금천구 독산동 196-8
경로당,대덕트윈빌아파트경로당,서울특별시 금천구 독산동,1,시흥대로112길 6,37.467339,126.899029,서울시 무더위쉼터(시설명 일치: 대덕트윈빌아파트경로당),시설명,대덕트윈빌아파트경로당,서울특별시 금천구 시흥대로112길 6 (대덕트윈빌 101동),서울특별시 금천구 독산동 1028
경로당,대명경로당,서울특별시 금천구 시흥동,1,독산로11길 4,37.452227,126.9055948,서울시 무더위쉼터(시설명 일치: 대명경로당),시설명,대명경로당,서울특별시 금천구 독산로11길 4 (시흥동),서울특별시 금천구 시흥동 895-5
경로당,새재미경로당,서울특별시 금천구 시흥동,1,독산로39길 16,37.4588453,126.9042611,서울시 무더위쉼터(시설명 일치: 새재미경로당),시설명,새재미경로당,서울특별시 금천구 독산로39길 16,서울특별시 금천구 시흥동 855
경로당,남서울힐스테이트경로당,서울특별시 금천구 시흥동,1,시흥대로 165,37.447625,126.900616,서울시 무더위쉼터(시설명 일치: 남서울힐스테이트경로당),시설명,남서울힐스테이트경로당,서울특별시 금천구 시흥대로 165 (남서울힐스테이트 부대시설),서울특별시 금천구 시흥동 1026
경로당,목련아파트경로당,서울특별시 금천구 시흥동,1,금하로3길 26,37.454535,126.897596,서울시 무더위쉼터(시설명 일치: 목련아파트경로당),시설명,목련아파트경로당,서울특별시 금천구 금하로3길 26 (시흥목련아파트103동),서울특별시 금천구 시흥동 1009
경로당,시흥베르빌아파트경로당,서울특별시 금천구 시흥동,1,시흥대로77길 23,37.4581271,126.8984574,서울시 무더위쉼터(도로명주소 일치: 금천구시각장애인쉼터),도로명주소,금천구시각장애인쉼터,"서울특별시 금천구 시흥대로77길 23 (시흥동, 시흥베르빌아파트)",서울특별시 금천구 시흥동 1015
경로당,산장경로당,서울특별시 금천구 시흥동,1,탑골로2길 59-9,37.4508156,126.9138957,서울시 무더위쉼터(시설명 일치: 산장경로당),시설명,산장경로당,서울특별시 금천구 탑골로2길 59-9,서울특별시 금천구 시흥동 243-31
경로당,"벽산아파트5단지경로당, 벽산타운경로당",서울특별시 금천구 시흥동,2,금하로 816,37.448158,126.916987,서울시 무더위쉼터(시설명 일치: 벽산아파트5단지경로당),시설명,벽산아파트5단지경로당,서울특별시 금천구 금하로 816 (벽산5단지아파트 524동),서울특별시 금천구 시흥동 1013
경로당,금산경로당,서울특별시 금천구 시흥동,1,"시흥대로24길 50, 2층",37.4412742,126.9071673,서울시 무더위쉼터(시설명 일치: 금산경로당),시설명,금산경로당,서울특별시 금천구 시흥대로24길 50,서울특별시 금천구 시흥동 948-14
경로당,박산경로당,서울특별시 금천구 시흥동,1,시흥대로2길 60,37.4350423,126.9065287,서울시 무더위쉼터(시설명 일치: 박산경로당),시설명,박산경로당,서울특별시 금천구 시흥대로2길 60,서울특별시 금천구 시흥동 973
경로당,현대빌라경로당,서울특별시 금천구 시흥동,1,시흥대로 53,37.440065,126.902123,서울시 무더위쉼터(시설명 일치: 현대빌라경로당),시설명,현대빌라경로당,서울특별시 금천구 시흥대로 53 (현대빌라 8동),서울특별시 금천구 시흥동 982
경로당,신흥경로당,서울특별시 금천구 시흥동,1,금하로23길 155,37.4570322,126.9073526,서울시 무더위쉼터(시설명 일치: 신흥경로당),시설명,신흥경로당,서울특별시 금천구 금하로23길 155,서울특별시 금천구 시흥동 산 126-13
경로당,장수경로당,서울특별시 금천구 시흥동,1,독산로50길 57-1,37.4628413,126.9075398,서울시 무더위쉼터(시설명 일치: 장수경로당),시설명,장수경로당,서울특별시 금천구 시흥동 독산로50길  57-1  (시흥동),서울특별시 금천구 시흥동 8-9
경로당,한울경로당,서울특별시 금천구 시흥동,1,"독산로50마길 39-8, 101호",37.4611121,126.913054,서울시 무더위쉼터(시설명 일치: 한울경로당),시설명,한울경로당,"서울특별시 금천구 독산로50마길 39-8 (시흥동, 삼성빌라)",서울특별시 금천구 시흥동 3-33
경로당,읍내경로당,서울특별시 금천구 시흥동,1,은행나무로10길 12-1,37.4504237,126.9063177,서울시 무더위쉼터(시설명 일치: 읍내경로당),시설명,읍내경로당,서울특별시 금천구 은행나무로10길 12-1,서울특별시 금천구 시흥동 921-29
경로당,탑동경로당,서울특별시 금천구 시흥동,1,금하로23가길 14-1,37.4515244,126.9095322,서울시 무더위쉼터(시설명 일치: 탑동경로당),시설명,탑동경로당,서울특별시 금천구 금하로23가길 14-1 (시흥동),서울특별시 금천구 시흥동 828-48
경로당,백운한비치1차아파트경로당,서울특별시 금천구 시흥동,1,탑골로2길 19,37.45148,126.911863,서울시 무더위쉼터(시설명 일치: 백운한비치1차아파트경로당),시설명,백운한비치1차아파트경로당,서울특별시 금천구 탑골로2길 19 (백운한비치아파트1동),서울특별시 금천구 시흥동 1012
경로당,백운한비치2차아파트경로당,서울특별시 금천구 시흥동,1,금하로23길 52,37.453498,126.909866,서울시 무더위쉼터(시설명 일치: 백운한비치2차아파트경로당),시설명,백운한비치2차아파트경로당,서울특별시 금천구 금하로23길 52 (백운한비치Ⅱ101동),서울특별시 금천구 시흥동 1018
도서관,금천구립가산도서관,서울특별시 금천구 가산동,1,가산로5길 43,37.4734915,126.8921299,서울시 공공도서관 현황,시설명,금천구립가산도서관,서울특별시 금천구 가산로5길 43 (가산동),서울특별시 금천구 가산동 235-3
도서관,금천구립금나래도서관,서울특별시 금천구 시흥동,1,시흥대로73길 70,37.4569051,126.8953686,서울시 공공도서관 현황,도로명주소,우리은행금천구청지점,서울특별시 금천구 시흥대로73길 70 (시흥동),서울특별시 금천구 시흥동 1020
도서관,금천구립독산도서관,서울특별시 금천구 독산동,1,독산로54길 114,37.4675797,126.908105,서울시 공공도서관 현황,시설명,금천구립독산도서관(1층로비),서울특별시 금천구 독산로54길 114 (금천구립독산도서관),서울특별시 금천구 독산동 375-2
도서관,금천구립시흥도서관,서울특별시 금천구 시흥동,1,금하로 764 금천종합복지타운(시흥2동주민센터),37.4496304,126.9146113,서울시 공공도서관 현황,도로명주소,시흥2동마을활력소(늘솔나루),서울특별시 금천구 금하로 764 (시흥동),서울특별시 금천구 시흥동 267-15
보건소,금천구보건소,서울특별시 금천구 시흥동,1,1020 금천구 종합청사,37.4564983,126.8948525,서울시 무더위쉼터(지번주소 일치: 우리은행금천구청지점),지번주소,우리은행금천구청지점,서울특별시 금천구 시흥대로73길 70 (시흥동),서울특별시 금천구 시흥동 1020
보건소,금천구보건소 한내이음센터 분소,서울특별시 금천구 독산동,1,1088-1 금천한내이음센터 2층,37.457844,126.886866,서울시 무더위쉼터(지번주소 일치: 독산1동주민센터분소),지번주소,독산1동주민센터분소,서울특별시 금천구 한내로 69-15 (주공13단지아파트1315동),서울특별시 금천구 독산동 1088-1
보건소,금천구보건소 동네방네 마을이음센터 분소,서울특별시 금천구 시흥동,1,961-5 동네방네 마을이음센터 2층,37.438613,126.90431,서울시 무더위쉼터(지번주소 일치: 동네방네마을이음센터(로비)),지번주소,동네방네마을이음센터(로비),서울특별시 금천구 시흥대로12길 10-5 (남부도로사업소 청사),서울특별시 금천구 시흥동 961-5
