시설유형,시설명,시구동,상세주소,MCLP,p-median,구분
경로당,벽산아파트3단지경로당,서울특별시 금천구 시흥동,탑골로 84,True,True,공통
경로당,시흥경남아파트경로당,서울특별시 금천구 시흥동,독산로 78-1,True,True,공통
은행,금천신협협동조합 시흥지점,서울특별시 금천구 시흥동,시흥대로 179,True,False,MCLP만
경로당,해가든아파트경로당,서울특별시 금천구 독산동,벚꽃로6길 3,False,True,p-median만
경로당,관악산신도브래뉴아파트경로당,서울특별시 금천구 시흥동,금하로24나길 48,True,True,공통
경로당,중앙하이츠빌라경로당,서울특별시 금천구 시흥동,시흥대로36길 45,True,False,MCLP만
경로당,라이프아파트꽃마음경로당,서울특별시 금천구 독산동,벚꽃로 60,True,False,MCLP만
경로당,한신아파트경로당,서울특별시 금천구 독산동,한내로 62,True,True,공통
은행,신한은행,서울특별시 금천구 시흥동,시흥대로 97,True,False,MCLP만
은행,영등포농협,서울특별시 금천구 가산동,가산로 151,True,True,공통
경로당,금주경로당,서울특별시 금천구 시흥동,시흥대로72길 13,False,True,p-median만
경로당,우창경로당,서울특별시 금천구 가산동,서부샛길 572,True,True,공통
경로당,무지개아파트경로당,서울특별시 금천구 시흥동,시흥대로73길 11,False,True,p-median만
경로당,독산신도아파트경로당,서울특별시 금천구 독산동,시흥대로152길 25,True,True,공통
경로당,주공14단지아파트경로당,서울특별시 금천구 독산동,한내로 69-54,False,True,p-median만
경로당,"벽산아파트금하경로당, 벽산아파트제1경로당, 산복경로당",서울특별시 금천구 시흥동,금하로 793,True,True,공통
경로당,럭키아파트경로당,서울특별시 금천구 시흥동,시흥대로47길 43,True,True,공통
경로당,독산역롯데캐슬아파트경로당,서울특별시 금천구 독산동,벚꽃로 100,True,True,공통
