자치구,쉼터수,피크개방,피크개방률,주말개방,주말개방률,경로당수,공공도서관수,사업체수,과학기술업종수,과학기술비중
마포구,90,88,97.8,2,2.2,158,6,32102,6123,19.1
중구,90,54,60.0,12,13.3,50,8,24801,4953,20.0
강북구,97,97,100.0,1,1.0,103,7,12604,1063,8.4
강남구,98,71,72.4,0,0.0,187,17,66269,20476,30.9
광진구,100,98,98.0,1,1.0,99,8,18877,2304,12.2
용산구,101,100,99.0,17,16.8,93,4,16301,2426,14.9
금천구,104,91,87.5,11,10.6,78,4,18353,6176,33.7
동대문구,107,56,52.3,18,16.8,140,10,17303,1456,8.4
종로구,116,84,72.4,3,2.6,64,9,21616,3205,14.8
서대문구,136,135,99.3,6,4.4,122,4,14152,1636,11.6
관악구,140,111,79.3,1,0.7,116,5,20325,2116,10.4
서초구,145,145,100.0,0,0.0,145,9,40115,13522,33.7
중랑구,153,141,92.2,8,5.2,136,7,15052,1302,8.7
도봉구,158,158,100.0,2,1.3,137,10,10610,918,8.7
동작구,177,177,100.0,2,1.1,152,9,14187,1314,9.3
양천구,196,193,98.5,1,0.5,170,10,16015,1460,9.1
강서구,198,58,29.3,11,5.6,221,9,27098,3991,14.7
은평구,198,198,100.0,2,1.0,169,8,16363,1424,8.7
영등포구,199,199,100.0,6,3.0,180,6,29425,6604,22.4
성동구,206,204,99.0,11,5.3,166,7,17782,4071,22.9
송파구,206,61,29.6,3,1.5,181,12,34860,6569,18.8
강동구,240,191,79.6,2,0.8,141,10,19748,1843,9.3
성북구,264,200,75.8,18,6.8,183,14,15889,1389,8.7
구로구,271,248,91.5,1,0.4,209,13,18559,3104,16.7
노원구,302,61,20.2,6,2.0,244,10,15686,1104,7.0
